timestamp_local,temperature_C,city,lat,lon
2015-07-01 00:00:00,23.71,Lublin,51.2465,22.5684
2015-07-01 02:00:00,20.46,Lublin,51.2465,22.5684
2015-07-01 04:00:00,16.45,Lublin,51.2465,22.5684
2015-07-01 06:00:00,12.32,Lublin,51.2465,22.5684
2015-07-01 08:00:00,12.2,Lublin,51.2465,22.5684
2015-07-01 10:00:00,10.45,Lublin,51.2465,22.5684
2015-07-01 12:00:00,14.16,Lublin,51.2465,22.5684
2015-07-01 14:00:00,15.14,Lublin,51.2465,22.5684
2015-07-01 16:00:00,18.61,Lublin,51.2465,22.5684
2015-07-01 18:00:00,19.99,Lublin,51.2465,22.5684
2015-07-01 20:00:00,22.26,Lublin,51.2465,22.5684
2015-07-01 22:00:00,23.28,Lublin,51.2465,22.5684
2015-07-02 00:00:00,21.86,Lublin,51.2465,22.5684
2015-07-02 02:00:00,18.25,Lublin,51.2465,22.5684
2015-07-02 04:00:00,15.33,Lublin,51.2465,22.5684
2015-07-02 06:00:00,12.9,Lublin,51.2465,22.5684
2015-07-02 08:00:00,11.36,Lublin,51.2465,22.5684
2015-07-02 10:00:00,12.45,Lublin,51.2465,22.5684
2015-07-02 12:00:00,14.76,Lublin,51.2465,22.5684
2015-07-02 14:00:00,17.37,Lublin,51.2465,22.5684
2015-07-02 16:00:00,20.45,Lublin,51.2465,22.5684
2015-07-02 18:00:00,22.85,Lublin,51.2465,22.5684
2015-07-02 20:00:00,24.39,Lublin,51.2465,22.5684
2015-07-02 22:00:00,24.51,Lublin,51.2465,22.5684
2015-07-03 00:00:00,22.51,Lublin,51.2465,22.5684
2015-07-03 02:00:00,19.5,Lublin,51.2465,22.5684
2015-07-03 04:00:00,16.87,Lublin,51.2465,22.5684
2015-07-03 06:00:00,14.12,Lublin,51.2465,22.5684
2015-07-03 08:00:00,13.02,Lublin,51.2465,22.5684
2015-07-03 10:00:00,12.93,Lublin,51.2465,22.5684
2015-07-03 12:00:00,14.67,Lublin,51.2465,22.5684
2015-07-03 14:00:00,16.84,Lublin,51.2465,22.5684
2015-07-03 16:00:00,19.48,Lublin,51.2465,22.5684
2015-07-03 18:00:00,23.0,Lublin,51.2465,22.5684
2015-07-03 20:00:00,24.49,Lublin,51.2465,22.5684
2015-07-03 22:00:00,23.48,Lublin,51.2465,22.5684
2015-07-04 00:00:00,21.1,Lublin,51.2465,22.5684
2015-07-04 02:00:00,18.86,Lublin,51.2465,22.5684
2015-07-04 04:00:00,16.04,Lublin,51.2465,22.5684
2015-07-04 06:00:00,13.93,Lublin,51.2465,22.5684
2015-07-04 08:00:00,11.37,Lublin,51.2465,22.5684
2015-07-04 10:00:00,12.07,Lublin,51.2465,22.5684
2015-07-04 12:00:00,13.25,Lublin,51.2465,22.5684
2015-07-04 14:00:00,16.64,Lublin,51.2465,22.5684
2015-07-04 16:00:00,18.83,Lublin,51.2465,22.5684
2015-07-04 18:00:00,22.34,Lublin,51.2465,22.5684
2015-07-04 20:00:00,23.18,Lublin,51.2465,22.5684
2015-07-04 22:00:00,23.37,Lublin,51.2465,22.5684
2015-07-05 00:00:00,21.99,Lublin,51.2465,22.5684
2015-07-05 02:00:00,18.51,Lublin,51.2465,22.5684
2015-07-05 04:00:00,15.94,Lublin,51.2465,22.5684
2015-07-05 06:00:00,12.74,Lublin,51.2465,22.5684
2015-07-05 08:00:00,9.92,Lublin,51.2465,22.5684
2015-07-05 10:00:00,10.92,Lublin,51.2465,22.5684
2015-07-05 12:00:00,11.5,Lublin,51.2465,22.5684
2015-07-05 14:00:00,14.41,Lublin,51.2465,22.5684
2015-07-05 16:00:00,18.61,Lublin,51.2465,22.5684
2015-07-05 18:00:00,20.18,Lublin,51.2465,22.5684
2015-07-05 20:00:00,22.07,Lublin,51.2465,22.5684
2015-07-05 22:00:00,22.3,Lublin,51.2465,22.5684
2015-07-06 00:00:00,21.06,Lublin,51.2465,22.5684
2015-07-06 02:00:00,19.08,Lublin,51.2465,22.5684
2015-07-06 04:00:00,15.4,Lublin,51.2465,22.5684
2015-07-06 06:00:00,13.86,Lublin,51.2465,22.5684
2015-07-06 08:00:00,11.4,Lublin,51.2465,22.5684
2015-07-06 10:00:00,10.84,Lublin,51.2465,22.5684
2015-07-06 12:00:00,13.11,Lublin,51.2465,22.5684
2015-07-06 14:00:00,15.87,Lublin,51.2465,22.5684
2015-07-06 16:00:00,20.17,Lublin,51.2465,22.5684
2015-07-06 18:00:00,20.97,Lublin,51.2465,22.5684
2015-07-06 20:00:00,22.48,Lublin,51.2465,22.5684
2015-07-06 22:00:00,23.41,Lublin,51.2465,22.5684
2015-07-07 00:00:00,21.1,Lublin,51.2465,22.5684
2015-07-07 02:00:00,19.43,Lublin,51.2465,22.5684
2015-07-07 04:00:00,16.99,Lublin,51.2465,22.5684
2015-07-07 06:00:00,14.77,Lublin,51.2465,22.5684
2015-07-07 08:00:00,13.11,Lublin,51.2465,22.5684
2015-07-07 10:00:00,12.4,Lublin,51.2465,22.5684
2015-07-07 12:00:00,14.59,Lublin,51.2465,22.5684
2015-07-07 14:00:00,18.04,Lublin,51.2465,22.5684
2015-07-07 16:00:00,19.49,Lublin,51.2465,22.5684
2015-07-07 18:00:00,24.38,Lublin,51.2465,22.5684
2015-07-07 20:00:00,26.99,Lublin,51.2465,22.5684
2015-07-07 22:00:00,26.04,Lublin,51.2465,22.5684
2015-07-08 00:00:00,23.95,Lublin,51.2465,22.5684
2015-07-08 02:00:00,22.35,Lublin,51.2465,22.5684
2015-07-08 04:00:00,21.03,Lublin,51.2465,22.5684
2015-07-08 06:00:00,18.37,Lublin,51.2465,22.5684
2015-07-08 08:00:00,17.18,Lublin,51.2465,22.5684
2015-07-08 10:00:00,16.37,Lublin,51.2465,22.5684
2015-07-08 12:00:00,18.39,Lublin,51.2465,22.5684
2015-07-08 14:00:00,20.55,Lublin,51.2465,22.5684
2015-07-08 16:00:00,22.48,Lublin,51.2465,22.5684
2015-07-08 18:00:00,26.3,Lublin,51.2465,22.5684
2015-07-08 20:00:00,28.88,Lublin,51.2465,22.5684
2015-07-08 22:00:00,28.09,Lublin,51.2465,22.5684
2015-07-09 00:00:00,26.02,Lublin,51.2465,22.5684
2015-07-09 02:00:00,23.88,Lublin,51.2465,22.5684
2015-07-09 04:00:00,20.63,Lublin,51.2465,22.5684
2015-07-09 06:00:00,18.05,Lublin,51.2465,22.5684
2015-07-09 08:00:00,15.97,Lublin,51.2465,22.5684
2015-07-09 10:00:00,16.02,Lublin,51.2465,22.5684
2015-07-09 12:00:00,17.21,Lublin,51.2465,22.5684
2015-07-09 14:00:00,19.27,Lublin,51.2465,22.5684
2015-07-09 16:00:00,23.05,Lublin,51.2465,22.5684
2015-07-09 18:00:00,24.68,Lublin,51.2465,22.5684
2015-07-09 20:00:00,25.68,Lublin,51.2465,22.5684
2015-07-09 22:00:00,,Lublin,51.2465,22.5684
2015-07-10 00:00:00,25.07,Lublin,51.2465,22.5684
2015-07-10 02:00:00,23.99,Lublin,51.2465,22.5684
2015-07-10 04:00:00,20.16,Lublin,51.2465,22.5684
2015-07-10 06:00:00,18.38,Lublin,51.2465,22.5684
2015-07-10 08:00:00,16.43,Lublin,51.2465,22.5684
2015-07-10 10:00:00,17.18,Lublin,51.2465,22.5684
2015-07-10 12:00:00,19.08,Lublin,51.2465,22.5684
2015-07-10 14:00:00,22.34,Lublin,51.2465,22.5684
2015-07-10 16:00:00,24.53,Lublin,51.2465,22.5684
2015-07-10 18:00:00,26.05,Lublin,51.2465,22.5684
2015-07-10 20:00:00,28.33,Lublin,51.2465,22.5684
2015-07-10 22:00:00,27.9,Lublin,51.2465,22.5684
2015-07-11 00:00:00,27.07,Lublin,51.2465,22.5684
2015-07-11 02:00:00,23.34,Lublin,51.2465,22.5684
2015-07-11 04:00:00,20.79,Lublin,51.2465,22.5684
2015-07-11 06:00:00,16.62,Lublin,51.2465,22.5684
2015-07-11 08:00:00,15.76,Lublin,51.2465,22.5684
2015-07-11 10:00:00,16.08,Lublin,51.2465,22.5684
2015-07-11 12:00:00,17.61,Lublin,51.2465,22.5684
2015-07-11 14:00:00,19.72,Lublin,51.2465,22.5684
2015-07-11 16:00:00,23.72,Lublin,51.2465,22.5684
2015-07-11 18:00:00,26.08,Lublin,51.2465,22.5684
2015-07-11 20:00:00,27.69,Lublin,51.2465,22.5684
2015-07-11 22:00:00,26.96,Lublin,51.2465,22.5684
2015-07-12 00:00:00,26.01,Lublin,51.2465,22.5684
2015-07-12 02:00:00,22.92,Lublin,51.2465,22.5684
2015-07-12 04:00:00,19.55,Lublin,51.2465,22.5684
2015-07-12 06:00:00,18.67,Lublin,51.2465,22.5684
2015-07-12 08:00:00,16.2,Lublin,51.2465,22.5684
2015-07-12 10:00:00,16.53,Lublin,51.2465,22.5684
2015-07-12 12:00:00,18.38,Lublin,51.2465,22.5684
2015-07-12 14:00:00,19.41,Lublin,51.2465,22.5684
2015-07-12 16:00:00,21.97,Lublin,51.2465,22.5684
2015-07-12 18:00:00,24.3,Lublin,51.2465,22.5684
2015-07-12 20:00:00,26.24,Lublin,51.2465,22.5684
2015-07-12 22:00:00,26.53,Lublin,51.2465,22.5684
2015-07-13 00:00:00,23.56,Lublin,51.2465,22.5684
2015-07-13 02:00:00,20.81,Lublin,51.2465,22.5684
2015-07-13 04:00:00,17.54,Lublin,51.2465,22.5684
2015-07-13 06:00:00,15.12,Lublin,51.2465,22.5684
2015-07-13 08:00:00,13.85,Lublin,51.2465,22.5684
2015-07-13 10:00:00,13.23,Lublin,51.2465,22.5684
2015-07-13 12:00:00,14.34,Lublin,51.2465,22.5684
2015-07-13 14:00:00,17.97,Lublin,51.2465,22.5684
2015-07-13 16:00:00,21.28,Lublin,51.2465,22.5684
2015-07-13 18:00:00,22.19,Lublin,51.2465,22.5684
2015-07-13 20:00:00,22.89,Lublin,51.2465,22.5684
2015-07-13 22:00:00,23.93,Lublin,51.2465,22.5684
2015-07-14 00:00:00,22.84,Lublin,51.2465,22.5684
2015-07-14 02:00:00,19.13,Lublin,51.2465,22.5684
2015-07-14 04:00:00,17.12,Lublin,51.2465,22.5684
2015-07-14 06:00:00,13.75,Lublin,51.2465,22.5684
2015-07-14 08:00:00,11.93,Lublin,51.2465,22.5684
2015-07-14 10:00:00,12.16,Lublin,51.2465,22.5684
2015-07-14 12:00:00,13.75,Lublin,51.2465,22.5684
2015-07-14 14:00:00,16.18,Lublin,51.2465,22.5684
2015-07-14 16:00:00,19.19,Lublin,51.2465,22.5684
2015-07-14 18:00:00,22.83,Lublin,51.2465,22.5684
2015-07-14 20:00:00,23.05,Lublin,51.2465,22.5684
2015-07-14 22:00:00,22.87,Lublin,51.2465,22.5684
2015-07-15 00:00:00,21.77,Lublin,51.2465,22.5684
2015-07-15 02:00:00,18.82,Lublin,51.2465,22.5684
2015-07-15 04:00:00,15.82,Lublin,51.2465,22.5684
2015-07-15 06:00:00,13.77,Lublin,51.2465,22.5684
2015-07-15 08:00:00,13.53,Lublin,51.2465,22.5684
2015-07-15 10:00:00,12.88,Lublin,51.2465,22.5684
2015-07-15 12:00:00,14.6,Lublin,51.2465,22.5684
2015-07-15 14:00:00,17.89,Lublin,51.2465,22.5684
2015-07-15 16:00:00,21.45,Lublin,51.2465,22.5684
2015-07-15 18:00:00,23.21,Lublin,51.2465,22.5684
2015-07-15 20:00:00,25.11,Lublin,51.2465,22.5684
2015-07-15 22:00:00,25.19,Lublin,51.2465,22.5684
2015-07-16 00:00:00,25.68,Lublin,51.2465,22.5684
2015-07-16 02:00:00,22.56,Lublin,51.2465,22.5684
2015-07-16 04:00:00,18.85,Lublin,51.2465,22.5684
2015-07-16 06:00:00,15.45,Lublin,51.2465,22.5684
2015-07-16 08:00:00,13.17,Lublin,51.2465,22.5684
2015-07-16 10:00:00,14.38,Lublin,51.2465,22.5684
2015-07-16 12:00:00,,Lublin,51.2465,22.5684
2015-07-16 14:00:00,18.44,Lublin,51.2465,22.5684
2015-07-16 16:00:00,21.3,Lublin,51.2465,22.5684
2015-07-16 18:00:00,24.89,Lublin,51.2465,22.5684
2015-07-16 20:00:00,26.35,Lublin,51.2465,22.5684
2015-07-16 22:00:00,26.17,Lublin,51.2465,22.5684
2015-07-17 00:00:00,25.11,Lublin,51.2465,22.5684
2015-07-17 02:00:00,21.64,Lublin,51.2465,22.5684
2015-07-17 04:00:00,18.73,Lublin,51.2465,22.5684
2015-07-17 06:00:00,15.63,Lublin,51.2465,22.5684
2015-07-17 08:00:00,14.93,Lublin,51.2465,22.5684
2015-07-17 10:00:00,15.28,Lublin,51.2465,22.5684
2015-07-17 12:00:00,17.04,Lublin,51.2465,22.5684
2015-07-17 14:00:00,19.85,Lublin,51.2465,22.5684
2015-07-17 16:00:00,20.72,Lublin,51.2465,22.5684
2015-07-17 18:00:00,23.26,Lublin,51.2465,22.5684
2015-07-17 20:00:00,26.24,Lublin,51.2465,22.5684
2015-07-17 22:00:00,25.22,Lublin,51.2465,22.5684
2015-07-18 00:00:00,22.62,Lublin,51.2465,22.5684
2015-07-18 02:00:00,19.32,Lublin,51.2465,22.5684
2015-07-18 04:00:00,17.2,Lublin,51.2465,22.5684
2015-07-18 06:00:00,13.76,Lublin,51.2465,22.5684
2015-07-18 08:00:00,12.98,Lublin,51.2465,22.5684
2015-07-18 10:00:00,11.87,Lublin,51.2465,22.5684
2015-07-18 12:00:00,12.99,Lublin,51.2465,22.5684
2015-07-18 14:00:00,16.35,Lublin,51.2465,22.5684
2015-07-18 16:00:00,,Lublin,51.2465,22.5684
2015-07-18 18:00:00,21.37,Lublin,51.2465,22.5684
2015-07-18 20:00:00,22.52,Lublin,51.2465,22.5684
2015-07-18 22:00:00,24.1,Lublin,51.2465,22.5684
2015-07-19 00:00:00,22.27,Lublin,51.2465,22.5684
2015-07-19 02:00:00,20.97,Lublin,51.2465,22.5684
2015-07-19 04:00:00,15.17,Lublin,51.2465,22.5684
2015-07-19 06:00:00,13.23,Lublin,51.2465,22.5684
2015-07-19 08:00:00,11.91,Lublin,51.2465,22.5684
2015-07-19 10:00:00,13.49,Lublin,51.2465,22.5684
2015-07-19 12:00:00,13.74,Lublin,51.2465,22.5684
2015-07-19 14:00:00,15.93,Lublin,51.2465,22.5684
2015-07-19 16:00:00,18.06,Lublin,51.2465,22.5684
2015-07-19 18:00:00,21.49,Lublin,51.2465,22.5684
2015-07-19 20:00:00,23.82,Lublin,51.2465,22.5684
2015-07-19 22:00:00,23.32,Lublin,51.2465,22.5684
2015-07-20 00:00:00,23.08,Lublin,51.2465,22.5684
2015-07-20 02:00:00,19.85,Lublin,51.2465,22.5684
2015-07-20 04:00:00,16.46,Lublin,51.2465,22.5684
2015-07-20 06:00:00,13.76,Lublin,51.2465,22.5684
2015-07-20 08:00:00,11.97,Lublin,51.2465,22.5684
2015-07-20 10:00:00,11.98,Lublin,51.2465,22.5684
2015-07-20 12:00:00,13.72,Lublin,51.2465,22.5684
2015-07-20 14:00:00,15.38,Lublin,51.2465,22.5684
2015-07-20 16:00:00,19.38,Lublin,51.2465,22.5684
2015-07-20 18:00:00,22.16,Lublin,51.2465,22.5684
2015-07-20 20:00:00,23.96,Lublin,51.2465,22.5684
2015-07-20 22:00:00,23.1,Lublin,51.2465,22.5684
2015-07-21 00:00:00,22.39,Lublin,51.2465,22.5684
2015-07-21 02:00:00,19.66,Lublin,51.2465,22.5684
2015-07-21 04:00:00,17.11,Lublin,51.2465,22.5684
2015-07-21 06:00:00,15.54,Lublin,51.2465,22.5684
2015-07-21 08:00:00,14.53,Lublin,51.2465,22.5684
2015-07-21 10:00:00,13.73,Lublin,51.2465,22.5684
2015-07-21 12:00:00,15.25,Lublin,51.2465,22.5684
2015-07-21 14:00:00,17.84,Lublin,51.2465,22.5684
2015-07-21 16:00:00,21.33,Lublin,51.2465,22.5684
2015-07-21 18:00:00,23.7,Lublin,51.2465,22.5684
2015-07-21 20:00:00,24.36,Lublin,51.2465,22.5684
2015-07-21 22:00:00,24.36,Lublin,51.2465,22.5684
2015-07-22 00:00:00,22.32,Lublin,51.2465,22.5684
2015-07-22 02:00:00,20.02,Lublin,51.2465,22.5684
2015-07-22 04:00:00,16.81,Lublin,51.2465,22.5684
2015-07-22 06:00:00,14.02,Lublin,51.2465,22.5684
2015-07-22 08:00:00,11.84,Lublin,51.2465,22.5684
2015-07-22 10:00:00,11.6,Lublin,51.2465,22.5684
2015-07-22 12:00:00,12.86,Lublin,51.2465,22.5684
2015-07-22 14:00:00,15.34,Lublin,51.2465,22.5684
2015-07-22 16:00:00,17.79,Lublin,51.2465,22.5684
2015-07-22 18:00:00,20.39,Lublin,51.2465,22.5684
2015-07-22 20:00:00,22.31,Lublin,51.2465,22.5684
2015-07-22 22:00:00,22.01,Lublin,51.2465,22.5684
2015-07-23 00:00:00,21.2,Lublin,51.2465,22.5684
2015-07-23 02:00:00,17.78,Lublin,51.2465,22.5684
2015-07-23 04:00:00,15.0,Lublin,51.2465,22.5684
2015-07-23 06:00:00,12.14,Lublin,51.2465,22.5684
2015-07-23 08:00:00,9.38,Lublin,51.2465,22.5684
2015-07-23 10:00:00,9.71,Lublin,51.2465,22.5684
2015-07-23 12:00:00,11.58,Lublin,51.2465,22.5684
2015-07-23 14:00:00,15.62,Lublin,51.2465,22.5684
2015-07-23 16:00:00,19.09,Lublin,51.2465,22.5684
2015-07-23 18:00:00,21.4,Lublin,51.2465,22.5684
2015-07-23 20:00:00,23.46,Lublin,51.2465,22.5684
2015-07-23 22:00:00,23.67,Lublin,51.2465,22.5684
2015-07-24 00:00:00,22.42,Lublin,51.2465,22.5684
2015-07-24 02:00:00,19.93,Lublin,51.2465,22.5684
2015-07-24 04:00:00,17.05,Lublin,51.2465,22.5684
2015-07-24 06:00:00,13.56,Lublin,51.2465,22.5684
2015-07-24 08:00:00,14.78,Lublin,51.2465,22.5684
2015-07-24 10:00:00,13.48,Lublin,51.2465,22.5684
2015-07-24 12:00:00,15.45,Lublin,51.2465,22.5684
2015-07-24 14:00:00,18.25,Lublin,51.2465,22.5684
2015-07-24 16:00:00,20.8,Lublin,51.2465,22.5684
2015-07-24 18:00:00,23.41,Lublin,51.2465,22.5684
2015-07-24 20:00:00,23.59,Lublin,51.2465,22.5684
2015-07-24 22:00:00,24.19,Lublin,51.2465,22.5684
2015-07-25 00:00:00,22.95,Lublin,51.2465,22.5684
2015-07-25 02:00:00,20.49,Lublin,51.2465,22.5684
2015-07-25 04:00:00,18.2,Lublin,51.2465,22.5684
2015-07-25 06:00:00,17.14,Lublin,51.2465,22.5684
2015-07-25 08:00:00,14.79,Lublin,51.2465,22.5684
2015-07-25 10:00:00,15.17,Lublin,51.2465,22.5684
2015-07-25 12:00:00,15.06,Lublin,51.2465,22.5684
2015-07-25 14:00:00,17.49,Lublin,51.2465,22.5684
2015-07-25 16:00:00,20.77,Lublin,51.2465,22.5684
2015-07-25 18:00:00,22.97,Lublin,51.2465,22.5684
2015-07-25 20:00:00,24.44,Lublin,51.2465,22.5684
2015-07-25 22:00:00,22.78,Lublin,51.2465,22.5684
2015-07-26 00:00:00,21.81,Lublin,51.2465,22.5684
2015-07-26 02:00:00,17.41,Lublin,51.2465,22.5684
2015-07-26 04:00:00,14.47,Lublin,51.2465,22.5684
2015-07-26 06:00:00,11.0,Lublin,51.2465,22.5684
2015-07-26 08:00:00,10.54,Lublin,51.2465,22.5684
2015-07-26 10:00:00,11.13,Lublin,51.2465,22.5684
2015-07-26 12:00:00,12.31,Lublin,51.2465,22.5684
2015-07-26 14:00:00,14.97,Lublin,51.2465,22.5684
2015-07-26 16:00:00,18.21,Lublin,51.2465,22.5684
2015-07-26 18:00:00,19.89,Lublin,51.2465,22.5684
2015-07-26 20:00:00,22.43,Lublin,51.2465,22.5684
2015-07-26 22:00:00,20.68,Lublin,51.2465,22.5684
2015-07-27 00:00:00,20.52,Lublin,51.2465,22.5684
2015-07-27 02:00:00,18.86,Lublin,51.2465,22.5684
2015-07-27 04:00:00,15.98,Lublin,51.2465,22.5684
2015-07-27 06:00:00,12.6,Lublin,51.2465,22.5684
2015-07-27 08:00:00,10.45,Lublin,51.2465,22.5684
2015-07-27 10:00:00,10.96,Lublin,51.2465,22.5684
2015-07-27 12:00:00,12.35,Lublin,51.2465,22.5684
2015-07-27 14:00:00,14.35,Lublin,51.2465,22.5684
2015-07-27 16:00:00,16.9,Lublin,51.2465,22.5684
2015-07-27 18:00:00,19.6,Lublin,51.2465,22.5684
2015-07-27 20:00:00,22.66,Lublin,51.2465,22.5684
2015-07-27 22:00:00,20.68,Lublin,51.2465,22.5684
2015-07-28 00:00:00,19.89,Lublin,51.2465,22.5684
2015-07-28 02:00:00,18.55,Lublin,51.2465,22.5684
2015-07-28 04:00:00,15.37,Lublin,51.2465,22.5684
2015-07-28 06:00:00,13.11,Lublin,51.2465,22.5684
2015-07-28 08:00:00,11.69,Lublin,51.2465,22.5684
2015-07-28 10:00:00,12.86,Lublin,51.2465,22.5684
2015-07-28 12:00:00,13.83,Lublin,51.2465,22.5684
2015-07-28 14:00:00,16.34,Lublin,51.2465,22.5684
2015-07-28 16:00:00,18.87,Lublin,51.2465,22.5684
2015-07-28 18:00:00,21.93,Lublin,51.2465,22.5684
2015-07-28 20:00:00,23.65,Lublin,51.2465,22.5684
2015-07-28 22:00:00,23.63,Lublin,51.2465,22.5684
2015-07-29 00:00:00,21.38,Lublin,51.2465,22.5684
2015-07-29 02:00:00,18.99,Lublin,51.2465,22.5684
2015-07-29 04:00:00,17.05,Lublin,51.2465,22.5684
2015-07-29 06:00:00,15.2,Lublin,51.2465,22.5684
2015-07-29 08:00:00,13.76,Lublin,51.2465,22.5684
2015-07-29 10:00:00,13.3,Lublin,51.2465,22.5684
2015-07-29 12:00:00,14.9,Lublin,51.2465,22.5684
2015-07-29 14:00:00,17.5,Lublin,51.2465,22.5684
2015-07-29 16:00:00,19.83,Lublin,51.2465,22.5684
2015-07-29 18:00:00,21.81,Lublin,51.2465,22.5684
2015-07-29 20:00:00,23.07,Lublin,51.2465,22.5684
2015-07-29 22:00:00,21.44,Lublin,51.2465,22.5684
2015-07-30 00:00:00,20.44,Lublin,51.2465,22.5684
2015-07-30 02:00:00,19.22,Lublin,51.2465,22.5684
2015-07-30 04:00:00,14.51,Lublin,51.2465,22.5684
2015-07-30 06:00:00,11.65,Lublin,51.2465,22.5684
2015-07-30 08:00:00,11.19,Lublin,51.2465,22.5684
2015-07-30 10:00:00,11.45,Lublin,51.2465,22.5684
2015-07-30 12:00:00,11.5,Lublin,51.2465,22.5684
2015-07-30 14:00:00,14.29,Lublin,51.2465,22.5684
2015-07-30 16:00:00,16.15,Lublin,51.2465,22.5684
2015-07-30 18:00:00,19.27,Lublin,51.2465,22.5684
2015-07-30 20:00:00,20.99,Lublin,51.2465,22.5684
2015-07-30 22:00:00,20.8,Lublin,51.2465,22.5684
2015-07-31 00:00:00,19.67,Lublin,51.2465,22.5684
2015-07-31 02:00:00,17.0,Lublin,51.2465,22.5684
2015-07-31 04:00:00,13.88,Lublin,51.2465,22.5684
2015-07-31 06:00:00,11.53,Lublin,51.2465,22.5684
2015-07-31 08:00:00,9.88,Lublin,51.2465,22.5684
2015-07-31 10:00:00,9.54,Lublin,51.2465,22.5684
2015-07-31 12:00:00,11.62,Lublin,51.2465,22.5684
2015-07-31 14:00:00,12.57,Lublin,51.2465,22.5684
2015-07-31 16:00:00,15.5,Lublin,51.2465,22.5684
2015-07-31 18:00:00,17.35,Lublin,51.2465,22.5684
2015-07-31 20:00:00,18.88,Lublin,51.2465,22.5684
2015-07-31 22:00:00,19.19,Lublin,51.2465,22.5684
2016-07-01 00:00:00,23.26,Lublin,51.2465,22.5684
2016-07-01 02:00:00,20.83,Lublin,51.2465,22.5684
2016-07-01 04:00:00,16.84,Lublin,51.2465,22.5684
2016-07-01 06:00:00,12.7,Lublin,51.2465,22.5684
2016-07-01 08:00:00,11.91,Lublin,51.2465,22.5684
2016-07-01 10:00:00,11.15,Lublin,51.2465,22.5684
2016-07-01 12:00:00,12.29,Lublin,51.2465,22.5684
2016-07-01 14:00:00,15.66,Lublin,51.2465,22.5684
2016-07-01 16:00:00,18.83,Lublin,51.2465,22.5684
2016-07-01 18:00:00,22.42,Lublin,51.2465,22.5684
2016-07-01 20:00:00,24.53,Lublin,51.2465,22.5684
2016-07-01 22:00:00,23.14,Lublin,51.2465,22.5684
2016-07-02 00:00:00,23.98,Lublin,51.2465,22.5684
2016-07-02 02:00:00,20.13,Lublin,51.2465,22.5684
2016-07-02 04:00:00,17.13,Lublin,51.2465,22.5684
2016-07-02 06:00:00,15.31,Lublin,51.2465,22.5684
2016-07-02 08:00:00,14.56,Lublin,51.2465,22.5684
2016-07-02 10:00:00,13.75,Lublin,51.2465,22.5684
2016-07-02 12:00:00,14.91,Lublin,51.2465,22.5684
2016-07-02 14:00:00,16.46,Lublin,51.2465,22.5684
2016-07-02 16:00:00,20.15,Lublin,51.2465,22.5684
2016-07-02 18:00:00,22.53,Lublin,51.2465,22.5684
2016-07-02 20:00:00,25.51,Lublin,51.2465,22.5684
2016-07-02 22:00:00,25.37,Lublin,51.2465,22.5684
2016-07-03 00:00:00,21.93,Lublin,51.2465,22.5684
2016-07-03 02:00:00,19.77,Lublin,51.2465,22.5684
2016-07-03 04:00:00,18.27,Lublin,51.2465,22.5684
2016-07-03 06:00:00,13.91,Lublin,51.2465,22.5684
2016-07-03 08:00:00,12.35,Lublin,51.2465,22.5684
2016-07-03 10:00:00,13.7,Lublin,51.2465,22.5684
2016-07-03 12:00:00,16.52,Lublin,51.2465,22.5684
2016-07-03 14:00:00,18.2,Lublin,51.2465,22.5684
2016-07-03 16:00:00,21.03,Lublin,51.2465,22.5684
2016-07-03 18:00:00,23.23,Lublin,51.2465,22.5684
2016-07-03 20:00:00,25.97,Lublin,51.2465,22.5684
2016-07-03 22:00:00,25.85,Lublin,51.2465,22.5684
2016-07-04 00:00:00,24.49,Lublin,51.2465,22.5684
2016-07-04 02:00:00,21.49,Lublin,51.2465,22.5684
2016-07-04 04:00:00,17.5,Lublin,51.2465,22.5684
2016-07-04 06:00:00,15.66,Lublin,51.2465,22.5684
2016-07-04 08:00:00,12.68,Lublin,51.2465,22.5684
2016-07-04 10:00:00,12.38,Lublin,51.2465,22.5684
2016-07-04 12:00:00,14.3,Lublin,51.2465,22.5684
2016-07-04 14:00:00,17.6,Lublin,51.2465,22.5684
2016-07-04 16:00:00,18.99,Lublin,51.2465,22.5684
2016-07-04 18:00:00,22.67,Lublin,51.2465,22.5684
2016-07-04 20:00:00,25.39,Lublin,51.2465,22.5684
2016-07-04 22:00:00,25.17,Lublin,51.2465,22.5684
2016-07-05 00:00:00,23.93,Lublin,51.2465,22.5684
2016-07-05 02:00:00,20.6,Lublin,51.2465,22.5684
2016-07-05 04:00:00,17.23,Lublin,51.2465,22.5684
2016-07-05 06:00:00,15.01,Lublin,51.2465,22.5684
2016-07-05 08:00:00,13.28,Lublin,51.2465,22.5684
2016-07-05 10:00:00,,Lublin,51.2465,22.5684
2016-07-05 12:00:00,13.52,Lublin,51.2465,22.5684
2016-07-05 14:00:00,17.16,Lublin,51.2465,22.5684
2016-07-05 16:00:00,18.86,Lublin,51.2465,22.5684
2016-07-05 18:00:00,21.53,Lublin,51.2465,22.5684
2016-07-05 20:00:00,23.97,Lublin,51.2465,22.5684
2016-07-05 22:00:00,23.57,Lublin,51.2465,22.5684
2016-07-06 00:00:00,22.55,Lublin,51.2465,22.5684
2016-07-06 02:00:00,22.23,Lublin,51.2465,22.5684
2016-07-06 04:00:00,18.05,Lublin,51.2465,22.5684
2016-07-06 06:00:00,15.19,Lublin,51.2465,22.5684
2016-07-06 08:00:00,14.35,Lublin,51.2465,22.5684
2016-07-06 10:00:00,13.79,Lublin,51.2465,22.5684
2016-07-06 12:00:00,16.95,Lublin,51.2465,22.5684
2016-07-06 14:00:00,19.44,Lublin,51.2465,22.5684
2016-07-06 16:00:00,22.88,Lublin,51.2465,22.5684
2016-07-06 18:00:00,24.29,Lublin,51.2465,22.5684
2016-07-06 20:00:00,26.71,Lublin,51.2465,22.5684
2016-07-06 22:00:00,24.61,Lublin,51.2465,22.5684
2016-07-07 00:00:00,23.64,Lublin,51.2465,22.5684
2016-07-07 02:00:00,22.48,Lublin,51.2465,22.5684
2016-07-07 04:00:00,18.54,Lublin,51.2465,22.5684
2016-07-07 06:00:00,16.3,Lublin,51.2465,22.5684
2016-07-07 08:00:00,15.15,Lublin,51.2465,22.5684
2016-07-07 10:00:00,14.1,Lublin,51.2465,22.5684
2016-07-07 12:00:00,16.59,Lublin,51.2465,22.5684
2016-07-07 14:00:00,18.5,Lublin,51.2465,22.5684
2016-07-07 16:00:00,21.77,Lublin,51.2465,22.5684
2016-07-07 18:00:00,24.9,Lublin,51.2465,22.5684
2016-07-07 20:00:00,27.03,Lublin,51.2465,22.5684
2016-07-07 22:00:00,28.02,Lublin,51.2465,22.5684
2016-07-08 00:00:00,24.05,Lublin,51.2465,22.5684
2016-07-08 02:00:00,20.57,Lublin,51.2465,22.5684
2016-07-08 04:00:00,16.8,Lublin,51.2465,22.5684
2016-07-08 06:00:00,14.43,Lublin,51.2465,22.5684
2016-07-08 08:00:00,13.83,Lublin,51.2465,22.5684
2016-07-08 10:00:00,12.95,Lublin,51.2465,22.5684
2016-07-08 12:00:00,15.21,Lublin,51.2465,22.5684
2016-07-08 14:00:00,18.85,Lublin,51.2465,22.5684
2016-07-08 16:00:00,21.65,Lublin,51.2465,22.5684
2016-07-08 18:00:00,25.79,Lublin,51.2465,22.5684
2016-07-08 20:00:00,26.17,Lublin,51.2465,22.5684
2016-07-08 22:00:00,24.84,Lublin,51.2465,22.5684
2016-07-09 00:00:00,24.79,Lublin,51.2465,22.5684
2016-07-09 02:00:00,23.18,Lublin,51.2465,22.5684
2016-07-09 04:00:00,20.52,Lublin,51.2465,22.5684
2016-07-09 06:00:00,17.15,Lublin,51.2465,22.5684
2016-07-09 08:00:00,15.96,Lublin,51.2465,22.5684
2016-07-09 10:00:00,15.48,Lublin,51.2465,22.5684
2016-07-09 12:00:00,18.19,Lublin,51.2465,22.5684
2016-07-09 14:00:00,20.05,Lublin,51.2465,22.5684
2016-07-09 16:00:00,23.29,Lublin,51.2465,22.5684
2016-07-09 18:00:00,25.6,Lublin,51.2465,22.5684
2016-07-09 20:00:00,28.28,Lublin,51.2465,22.5684
2016-07-09 22:00:00,,Lublin,51.2465,22.5684
2016-07-10 00:00:00,25.31,Lublin,51.2465,22.5684
2016-07-10 02:00:00,21.92,Lublin,51.2465,22.5684
2016-07-10 04:00:00,18.61,Lublin,51.2465,22.5684
2016-07-10 06:00:00,15.26,Lublin,51.2465,22.5684
2016-07-10 08:00:00,12.57,Lublin,51.2465,22.5684
2016-07-10 10:00:00,13.81,Lublin,51.2465,22.5684
2016-07-10 12:00:00,16.17,Lublin,51.2465,22.5684
2016-07-10 14:00:00,18.41,Lublin,51.2465,22.5684
2016-07-10 16:00:00,22.91,Lublin,51.2465,22.5684
2016-07-10 18:00:00,24.58,Lublin,51.2465,22.5684
2016-07-10 20:00:00,25.31,Lublin,51.2465,22.5684
2016-07-10 22:00:00,25.82,Lublin,51.2465,22.5684
2016-07-11 00:00:00,23.67,Lublin,51.2465,22.5684
2016-07-11 02:00:00,21.2,Lublin,51.2465,22.5684
2016-07-11 04:00:00,16.62,Lublin,51.2465,22.5684
2016-07-11 06:00:00,15.48,Lublin,51.2465,22.5684
2016-07-11 08:00:00,13.06,Lublin,51.2465,22.5684
2016-07-11 10:00:00,13.59,Lublin,51.2465,22.5684
2016-07-11 12:00:00,15.93,Lublin,51.2465,22.5684
2016-07-11 14:00:00,18.55,Lublin,51.2465,22.5684
2016-07-11 16:00:00,22.0,Lublin,51.2465,22.5684
2016-07-11 18:00:00,23.53,Lublin,51.2465,22.5684
2016-07-11 20:00:00,26.53,Lublin,51.2465,22.5684
2016-07-11 22:00:00,25.8,Lublin,51.2465,22.5684
2016-07-12 00:00:00,25.72,Lublin,51.2465,22.5684
2016-07-12 02:00:00,21.83,Lublin,51.2465,22.5684
2016-07-12 04:00:00,18.11,Lublin,51.2465,22.5684
2016-07-12 06:00:00,15.46,Lublin,51.2465,22.5684
2016-07-12 08:00:00,13.48,Lublin,51.2465,22.5684
2016-07-12 10:00:00,12.92,Lublin,51.2465,22.5684
2016-07-12 12:00:00,13.35,Lublin,51.2465,22.5684
2016-07-12 14:00:00,17.27,Lublin,51.2465,22.5684
2016-07-12 16:00:00,19.29,Lublin,51.2465,22.5684
2016-07-12 18:00:00,21.81,Lublin,51.2465,22.5684
2016-07-12 20:00:00,23.51,Lublin,51.2465,22.5684
2016-07-12 22:00:00,23.1,Lublin,51.2465,22.5684
2016-07-13 00:00:00,21.06,Lublin,51.2465,22.5684
2016-07-13 02:00:00,19.02,Lublin,51.2465,22.5684
2016-07-13 04:00:00,16.46,Lublin,51.2465,22.5684
2016-07-13 06:00:00,12.83,Lublin,51.2465,22.5684
2016-07-13 08:00:00,10.71,Lublin,51.2465,22.5684
2016-07-13 10:00:00,11.47,Lublin,51.2465,22.5684
2016-07-13 12:00:00,14.23,Lublin,51.2465,22.5684
2016-07-13 14:00:00,15.83,Lublin,51.2465,22.5684
2016-07-13 16:00:00,17.49,Lublin,51.2465,22.5684
2016-07-13 18:00:00,20.5,Lublin,51.2465,22.5684
2016-07-13 20:00:00,21.28,Lublin,51.2465,22.5684
2016-07-13 22:00:00,21.96,Lublin,51.2465,22.5684
2016-07-14 00:00:00,20.51,Lublin,51.2465,22.5684
2016-07-14 02:00:00,18.49,Lublin,51.2465,22.5684
2016-07-14 04:00:00,15.65,Lublin,51.2465,22.5684
2016-07-14 06:00:00,13.05,Lublin,51.2465,22.5684
2016-07-14 08:00:00,10.93,Lublin,51.2465,22.5684
2016-07-14 10:00:00,11.55,Lublin,51.2465,22.5684
2016-07-14 12:00:00,11.95,Lublin,51.2465,22.5684
2016-07-14 14:00:00,15.67,Lublin,51.2465,22.5684
2016-07-14 16:00:00,18.69,Lublin,51.2465,22.5684
2016-07-14 18:00:00,21.25,Lublin,51.2465,22.5684
2016-07-14 20:00:00,24.7,Lublin,51.2465,22.5684
2016-07-14 22:00:00,23.53,Lublin,51.2465,22.5684
2016-07-15 00:00:00,22.31,Lublin,51.2465,22.5684
2016-07-15 02:00:00,20.4,Lublin,51.2465,22.5684
2016-07-15 04:00:00,17.52,Lublin,51.2465,22.5684
2016-07-15 06:00:00,14.35,Lublin,51.2465,22.5684
2016-07-15 08:00:00,12.62,Lublin,51.2465,22.5684
2016-07-15 10:00:00,13.06,Lublin,51.2465,22.5684
2016-07-15 12:00:00,14.18,Lublin,51.2465,22.5684
2016-07-15 14:00:00,16.32,Lublin,51.2465,22.5684
2016-07-15 16:00:00,18.63,Lublin,51.2465,22.5684
2016-07-15 18:00:00,20.55,Lublin,51.2465,22.5684
2016-07-15 20:00:00,21.54,Lublin,51.2465,22.5684
2016-07-15 22:00:00,23.38,Lublin,51.2465,22.5684
2016-07-16 00:00:00,20.73,Lublin,51.2465,22.5684
2016-07-16 02:00:00,18.41,Lublin,51.2465,22.5684
2016-07-16 04:00:00,14.95,Lublin,51.2465,22.5684
2016-07-16 06:00:00,12.11,Lublin,51.2465,22.5684
2016-07-16 08:00:00,11.48,Lublin,51.2465,22.5684
2016-07-16 10:00:00,10.79,Lublin,51.2465,22.5684
2016-07-16 12:00:00,13.7,Lublin,51.2465,22.5684
2016-07-16 14:00:00,14.78,Lublin,51.2465,22.5684
2016-07-16 16:00:00,18.83,Lublin,51.2465,22.5684
2016-07-16 18:00:00,19.7,Lublin,51.2465,22.5684
2016-07-16 20:00:00,22.38,Lublin,51.2465,22.5684
2016-07-16 22:00:00,22.72,Lublin,51.2465,22.5684
2016-07-17 00:00:00,20.87,Lublin,51.2465,22.5684
2016-07-17 02:00:00,18.02,Lublin,51.2465,22.5684
2016-07-17 04:00:00,16.07,Lublin,51.2465,22.5684
2016-07-17 06:00:00,13.62,Lublin,51.2465,22.5684
2016-07-17 08:00:00,12.88,Lublin,51.2465,22.5684
2016-07-17 10:00:00,11.59,Lublin,51.2465,22.5684
2016-07-17 12:00:00,13.65,Lublin,51.2465,22.5684
2016-07-17 14:00:00,16.45,Lublin,51.2465,22.5684
2016-07-17 16:00:00,19.85,Lublin,51.2465,22.5684
2016-07-17 18:00:00,22.56,Lublin,51.2465,22.5684
2016-07-17 20:00:00,24.91,Lublin,51.2465,22.5684
2016-07-17 22:00:00,23.83,Lublin,51.2465,22.5684
2016-07-18 00:00:00,21.88,Lublin,51.2465,22.5684
2016-07-18 02:00:00,19.6,Lublin,51.2465,22.5684
2016-07-18 04:00:00,15.27,Lublin,51.2465,22.5684
2016-07-18 06:00:00,12.19,Lublin,51.2465,22.5684
2016-07-18 08:00:00,11.23,Lublin,51.2465,22.5684
2016-07-18 10:00:00,11.82,Lublin,51.2465,22.5684
2016-07-18 12:00:00,13.06,Lublin,51.2465,22.5684
2016-07-18 14:00:00,15.88,Lublin,51.2465,22.5684
2016-07-18 16:00:00,16.99,Lublin,51.2465,22.5684
2016-07-18 18:00:00,20.65,Lublin,51.2465,22.5684
2016-07-18 20:00:00,22.77,Lublin,51.2465,22.5684
2016-07-18 22:00:00,24.02,Lublin,51.2465,22.5684
2016-07-19 00:00:00,20.82,Lublin,51.2465,22.5684
2016-07-19 02:00:00,17.86,Lublin,51.2465,22.5684
2016-07-19 04:00:00,15.63,Lublin,51.2465,22.5684
2016-07-19 06:00:00,13.0,Lublin,51.2465,22.5684
2016-07-19 08:00:00,10.97,Lublin,51.2465,22.5684
2016-07-19 10:00:00,12.69,Lublin,51.2465,22.5684
2016-07-19 12:00:00,13.47,Lublin,51.2465,22.5684
2016-07-19 14:00:00,16.23,Lublin,51.2465,22.5684
2016-07-19 16:00:00,18.89,Lublin,51.2465,22.5684
2016-07-19 18:00:00,20.47,Lublin,51.2465,22.5684
2016-07-19 20:00:00,24.26,Lublin,51.2465,22.5684
2016-07-19 22:00:00,23.77,Lublin,51.2465,22.5684
2016-07-20 00:00:00,21.37,Lublin,51.2465,22.5684
2016-07-20 02:00:00,17.99,Lublin,51.2465,22.5684
2016-07-20 04:00:00,14.64,Lublin,51.2465,22.5684
2016-07-20 06:00:00,13.47,Lublin,51.2465,22.5684
2016-07-20 08:00:00,11.29,Lublin,51.2465,22.5684
2016-07-20 10:00:00,10.49,Lublin,51.2465,22.5684
2016-07-20 12:00:00,12.21,Lublin,51.2465,22.5684
2016-07-20 14:00:00,15.73,Lublin,51.2465,22.5684
2016-07-20 16:00:00,19.59,Lublin,51.2465,22.5684
2016-07-20 18:00:00,21.64,Lublin,51.2465,22.5684
2016-07-20 20:00:00,23.87,Lublin,51.2465,22.5684
2016-07-20 22:00:00,24.42,Lublin,51.2465,22.5684
2016-07-21 00:00:00,23.67,Lublin,51.2465,22.5684
2016-07-21 02:00:00,20.37,Lublin,51.2465,22.5684
2016-07-21 04:00:00,17.67,Lublin,51.2465,22.5684
2016-07-21 06:00:00,15.06,Lublin,51.2465,22.5684
2016-07-21 08:00:00,13.75,Lublin,51.2465,22.5684
2016-07-21 10:00:00,14.32,Lublin,51.2465,22.5684
2016-07-21 12:00:00,15.09,Lublin,51.2465,22.5684
2016-07-21 14:00:00,20.17,Lublin,51.2465,22.5684
2016-07-21 16:00:00,22.28,Lublin,51.2465,22.5684
2016-07-21 18:00:00,25.79,Lublin,51.2465,22.5684
2016-07-21 20:00:00,26.76,Lublin,51.2465,22.5684
2016-07-21 22:00:00,28.13,Lublin,51.2465,22.5684
2016-07-22 00:00:00,25.0,Lublin,51.2465,22.5684
2016-07-22 02:00:00,23.17,Lublin,51.2465,22.5684
2016-07-22 04:00:00,20.17,Lublin,51.2465,22.5684
2016-07-22 06:00:00,16.48,Lublin,51.2465,22.5684
2016-07-22 08:00:00,15.34,Lublin,51.2465,22.5684
2016-07-22 10:00:00,15.64,Lublin,51.2465,22.5684
2016-07-22 12:00:00,16.41,Lublin,51.2465,22.5684
2016-07-22 14:00:00,20.28,Lublin,51.2465,22.5684
2016-07-22 16:00:00,21.59,Lublin,51.2465,22.5684
2016-07-22 18:00:00,24.58,Lublin,51.2465,22.5684
2016-07-22 20:00:00,26.86,Lublin,51.2465,22.5684
2016-07-22 22:00:00,26.55,Lublin,51.2465,22.5684
2016-07-23 00:00:00,24.69,Lublin,51.2465,22.5684
2016-07-23 02:00:00,23.32,Lublin,51.2465,22.5684
2016-07-23 04:00:00,18.57,Lublin,51.2465,22.5684
2016-07-23 06:00:00,16.09,Lublin,51.2465,22.5684
2016-07-23 08:00:00,,Lublin,51.2465,22.5684
2016-07-23 10:00:00,13.93,Lublin,51.2465,22.5684
2016-07-23 12:00:00,15.58,Lublin,51.2465,22.5684
2016-07-23 14:00:00,18.51,Lublin,51.2465,22.5684
2016-07-23 16:00:00,22.75,Lublin,51.2465,22.5684
2016-07-23 18:00:00,23.44,Lublin,51.2465,22.5684
2016-07-23 20:00:00,25.58,Lublin,51.2465,22.5684
2016-07-23 22:00:00,25.87,Lublin,51.2465,22.5684
2016-07-24 00:00:00,23.38,Lublin,51.2465,22.5684
2016-07-24 02:00:00,23.29,Lublin,51.2465,22.5684
2016-07-24 04:00:00,19.21,Lublin,51.2465,22.5684
2016-07-24 06:00:00,16.64,Lublin,51.2465,22.5684
2016-07-24 08:00:00,15.0,Lublin,51.2465,22.5684
2016-07-24 10:00:00,15.78,Lublin,51.2465,22.5684
2016-07-24 12:00:00,17.78,Lublin,51.2465,22.5684
2016-07-24 14:00:00,19.21,Lublin,51.2465,22.5684
2016-07-24 16:00:00,21.98,Lublin,51.2465,22.5684
2016-07-24 18:00:00,25.14,Lublin,51.2465,22.5684
2016-07-24 20:00:00,26.06,Lublin,51.2465,22.5684
2016-07-24 22:00:00,28.25,Lublin,51.2465,22.5684
2016-07-25 00:00:00,24.23,Lublin,51.2465,22.5684
2016-07-25 02:00:00,21.5,Lublin,51.2465,22.5684
2016-07-25 04:00:00,17.7,Lublin,51.2465,22.5684
2016-07-25 06:00:00,15.39,Lublin,51.2465,22.5684
2016-07-25 08:00:00,12.59,Lublin,51.2465,22.5684
2016-07-25 10:00:00,14.3,Lublin,51.2465,22.5684
2016-07-25 12:00:00,15.13,Lublin,51.2465,22.5684
2016-07-25 14:00:00,18.42,Lublin,51.2465,22.5684
2016-07-25 16:00:00,20.77,Lublin,51.2465,22.5684
2016-07-25 18:00:00,23.52,Lublin,51.2465,22.5684
2016-07-25 20:00:00,25.72,Lublin,51.2465,22.5684
2016-07-25 22:00:00,26.68,Lublin,51.2465,22.5684
2016-07-26 00:00:00,23.71,Lublin,51.2465,22.5684
2016-07-26 02:00:00,22.59,Lublin,51.2465,22.5684
2016-07-26 04:00:00,17.23,Lublin,51.2465,22.5684
2016-07-26 06:00:00,14.45,Lublin,51.2465,22.5684
2016-07-26 08:00:00,14.37,Lublin,51.2465,22.5684
2016-07-26 10:00:00,13.95,Lublin,51.2465,22.5684
2016-07-26 12:00:00,14.88,Lublin,51.2465,22.5684
2016-07-26 14:00:00,18.21,Lublin,51.2465,22.5684
2016-07-26 16:00:00,20.19,Lublin,51.2465,22.5684
2016-07-26 18:00:00,22.0,Lublin,51.2465,22.5684
2016-07-26 20:00:00,23.85,Lublin,51.2465,22.5684
2016-07-26 22:00:00,24.41,Lublin,51.2465,22.5684
2016-07-27 00:00:00,23.36,Lublin,51.2465,22.5684
2016-07-27 02:00:00,19.38,Lublin,51.2465,22.5684
2016-07-27 04:00:00,15.77,Lublin,51.2465,22.5684
2016-07-27 06:00:00,13.04,Lublin,51.2465,22.5684
2016-07-27 08:00:00,10.86,Lublin,51.2465,22.5684
2016-07-27 10:00:00,10.87,Lublin,51.2465,22.5684
2016-07-27 12:00:00,13.08,Lublin,51.2465,22.5684
2016-07-27 14:00:00,16.42,Lublin,51.2465,22.5684
2016-07-27 16:00:00,20.84,Lublin,51.2465,22.5684
2016-07-27 18:00:00,22.08,Lublin,51.2465,22.5684
2016-07-27 20:00:00,24.08,Lublin,51.2465,22.5684
2016-07-27 22:00:00,23.69,Lublin,51.2465,22.5684
2016-07-28 00:00:00,22.75,Lublin,51.2465,22.5684
2016-07-28 02:00:00,20.41,Lublin,51.2465,22.5684
2016-07-28 04:00:00,17.61,Lublin,51.2465,22.5684
2016-07-28 06:00:00,15.27,Lublin,51.2465,22.5684
2016-07-28 08:00:00,12.42,Lublin,51.2465,22.5684
2016-07-28 10:00:00,12.28,Lublin,51.2465,22.5684
2016-07-28 12:00:00,14.06,Lublin,51.2465,22.5684
2016-07-28 14:00:00,17.45,Lublin,51.2465,22.5684
2016-07-28 16:00:00,19.98,Lublin,51.2465,22.5684
2016-07-28 18:00:00,22.6,Lublin,51.2465,22.5684
2016-07-28 20:00:00,23.75,Lublin,51.2465,22.5684
2016-07-28 22:00:00,24.1,Lublin,51.2465,22.5684
2016-07-29 00:00:00,23.84,Lublin,51.2465,22.5684
2016-07-29 02:00:00,21.81,Lublin,51.2465,22.5684
2016-07-29 04:00:00,18.17,Lublin,51.2465,22.5684
2016-07-29 06:00:00,14.56,Lublin,51.2465,22.5684
2016-07-29 08:00:00,13.13,Lublin,51.2465,22.5684
2016-07-29 10:00:00,13.74,Lublin,51.2465,22.5684
2016-07-29 12:00:00,16.29,Lublin,51.2465,22.5684
2016-07-29 14:00:00,18.06,Lublin,51.2465,22.5684
2016-07-29 16:00:00,21.39,Lublin,51.2465,22.5684
2016-07-29 18:00:00,24.69,Lublin,51.2465,22.5684
2016-07-29 20:00:00,25.42,Lublin,51.2465,22.5684
2016-07-29 22:00:00,25.15,Lublin,51.2465,22.5684
2016-07-30 00:00:00,22.07,Lublin,51.2465,22.5684
2016-07-30 02:00:00,20.01,Lublin,51.2465,22.5684
2016-07-30 04:00:00,17.47,Lublin,51.2465,22.5684
2016-07-30 06:00:00,13.84,Lublin,51.2465,22.5684
2016-07-30 08:00:00,13.98,Lublin,51.2465,22.5684
2016-07-30 10:00:00,14.24,Lublin,51.2465,22.5684
2016-07-30 12:00:00,15.89,Lublin,51.2465,22.5684
2016-07-30 14:00:00,17.68,Lublin,51.2465,22.5684
2016-07-30 16:00:00,20.37,Lublin,51.2465,22.5684
2016-07-30 18:00:00,23.31,Lublin,51.2465,22.5684
2016-07-30 20:00:00,24.51,Lublin,51.2465,22.5684
2016-07-30 22:00:00,24.53,Lublin,51.2465,22.5684
2016-07-31 00:00:00,22.76,Lublin,51.2465,22.5684
2016-07-31 02:00:00,20.53,Lublin,51.2465,22.5684
2016-07-31 04:00:00,16.53,Lublin,51.2465,22.5684
2016-07-31 06:00:00,14.31,Lublin,51.2465,22.5684
2016-07-31 08:00:00,13.16,Lublin,51.2465,22.5684
2016-07-31 10:00:00,12.01,Lublin,51.2465,22.5684
2016-07-31 12:00:00,13.34,Lublin,51.2465,22.5684
2016-07-31 14:00:00,16.69,Lublin,51.2465,22.5684
2016-07-31 16:00:00,19.28,Lublin,51.2465,22.5684
2016-07-31 18:00:00,22.07,Lublin,51.2465,22.5684
2016-07-31 20:00:00,23.45,Lublin,51.2465,22.5684
2016-07-31 22:00:00,23.03,Lublin,51.2465,22.5684
2017-07-01 00:00:00,23.7,Lublin,51.2465,22.5684
2017-07-01 02:00:00,19.61,Lublin,51.2465,22.5684
2017-07-01 04:00:00,16.88,Lublin,51.2465,22.5684
2017-07-01 06:00:00,14.0,Lublin,51.2465,22.5684
2017-07-01 08:00:00,12.52,Lublin,51.2465,22.5684
2017-07-01 10:00:00,13.97,Lublin,51.2465,22.5684
2017-07-01 12:00:00,15.65,Lublin,51.2465,22.5684
2017-07-01 14:00:00,17.87,Lublin,51.2465,22.5684
2017-07-01 16:00:00,20.19,Lublin,51.2465,22.5684
2017-07-01 18:00:00,24.03,Lublin,51.2465,22.5684
2017-07-01 20:00:00,25.12,Lublin,51.2465,22.5684
2017-07-01 22:00:00,24.72,Lublin,51.2465,22.5684
2017-07-02 00:00:00,24.11,Lublin,51.2465,22.5684
2017-07-02 02:00:00,21.3,Lublin,51.2465,22.5684
2017-07-02 04:00:00,18.48,Lublin,51.2465,22.5684
2017-07-02 06:00:00,15.2,Lublin,51.2465,22.5684
2017-07-02 08:00:00,13.42,Lublin,51.2465,22.5684
2017-07-02 10:00:00,13.21,Lublin,51.2465,22.5684
2017-07-02 12:00:00,14.44,Lublin,51.2465,22.5684
2017-07-02 14:00:00,15.95,Lublin,51.2465,22.5684
2017-07-02 16:00:00,18.92,Lublin,51.2465,22.5684
2017-07-02 18:00:00,20.79,Lublin,51.2465,22.5684
2017-07-02 20:00:00,22.84,Lublin,51.2465,22.5684
2017-07-02 22:00:00,23.85,Lublin,51.2465,22.5684
2017-07-03 00:00:00,22.85,Lublin,51.2465,22.5684
2017-07-03 02:00:00,20.5,Lublin,51.2465,22.5684
2017-07-03 04:00:00,16.75,Lublin,51.2465,22.5684
2017-07-03 06:00:00,14.43,Lublin,51.2465,22.5684
2017-07-03 08:00:00,12.46,Lublin,51.2465,22.5684
2017-07-03 10:00:00,13.12,Lublin,51.2465,22.5684
2017-07-03 12:00:00,14.75,Lublin,51.2465,22.5684
2017-07-03 14:00:00,17.93,Lublin,51.2465,22.5684
2017-07-03 16:00:00,21.39,Lublin,51.2465,22.5684
2017-07-03 18:00:00,24.05,Lublin,51.2465,22.5684
2017-07-03 20:00:00,25.57,Lublin,51.2465,22.5684
2017-07-03 22:00:00,24.86,Lublin,51.2465,22.5684
2017-07-04 00:00:00,22.78,Lublin,51.2465,22.5684
2017-07-04 02:00:00,20.48,Lublin,51.2465,22.5684
2017-07-04 04:00:00,17.03,Lublin,51.2465,22.5684
2017-07-04 06:00:00,15.12,Lublin,51.2465,22.5684
2017-07-04 08:00:00,13.62,Lublin,51.2465,22.5684
2017-07-04 10:00:00,14.2,Lublin,51.2465,22.5684
2017-07-04 12:00:00,15.83,Lublin,51.2465,22.5684
2017-07-04 14:00:00,18.28,Lublin,51.2465,22.5684
2017-07-04 16:00:00,20.9,Lublin,51.2465,22.5684
2017-07-04 18:00:00,23.59,Lublin,51.2465,22.5684
2017-07-04 20:00:00,24.37,Lublin,51.2465,22.5684
2017-07-04 22:00:00,23.82,Lublin,51.2465,22.5684
2017-07-05 00:00:00,23.94,Lublin,51.2465,22.5684
2017-07-05 02:00:00,22.48,Lublin,51.2465,22.5684
2017-07-05 04:00:00,18.75,Lublin,51.2465,22.5684
2017-07-05 06:00:00,16.42,Lublin,51.2465,22.5684
2017-07-05 08:00:00,13.76,Lublin,51.2465,22.5684
2017-07-05 10:00:00,12.74,Lublin,51.2465,22.5684
2017-07-05 12:00:00,15.01,Lublin,51.2465,22.5684
2017-07-05 14:00:00,18.34,Lublin,51.2465,22.5684
2017-07-05 16:00:00,21.64,Lublin,51.2465,22.5684
2017-07-05 18:00:00,23.29,Lublin,51.2465,22.5684
2017-07-05 20:00:00,24.16,Lublin,51.2465,22.5684
2017-07-05 22:00:00,23.84,Lublin,51.2465,22.5684
2017-07-06 00:00:00,23.37,Lublin,51.2465,22.5684
2017-07-06 02:00:00,20.87,Lublin,51.2465,22.5684
2017-07-06 04:00:00,17.98,Lublin,51.2465,22.5684
2017-07-06 06:00:00,14.64,Lublin,51.2465,22.5684
2017-07-06 08:00:00,14.87,Lublin,51.2465,22.5684
2017-07-06 10:00:00,13.88,Lublin,51.2465,22.5684
2017-07-06 12:00:00,15.12,Lublin,51.2465,22.5684
2017-07-06 14:00:00,17.85,Lublin,51.2465,22.5684
2017-07-06 16:00:00,20.51,Lublin,51.2465,22.5684
2017-07-06 18:00:00,23.49,Lublin,51.2465,22.5684
2017-07-06 20:00:00,23.15,Lublin,51.2465,22.5684
2017-07-06 22:00:00,22.07,Lublin,51.2465,22.5684
2017-07-07 00:00:00,22.2,Lublin,51.2465,22.5684
2017-07-07 02:00:00,20.43,Lublin,51.2465,22.5684
2017-07-07 04:00:00,17.24,Lublin,51.2465,22.5684
2017-07-07 06:00:00,14.7,Lublin,51.2465,22.5684
2017-07-07 08:00:00,12.97,Lublin,51.2465,22.5684
2017-07-07 10:00:00,13.05,Lublin,51.2465,22.5684
2017-07-07 12:00:00,15.26,Lublin,51.2465,22.5684
2017-07-07 14:00:00,15.86,Lublin,51.2465,22.5684
2017-07-07 16:00:00,20.2,Lublin,51.2465,22.5684
2017-07-07 18:00:00,23.68,Lublin,51.2465,22.5684
2017-07-07 20:00:00,24.91,Lublin,51.2465,22.5684
2017-07-07 22:00:00,26.4,Lublin,51.2465,22.5684
2017-07-08 00:00:00,23.75,Lublin,51.2465,22.5684
2017-07-08 02:00:00,22.24,Lublin,51.2465,22.5684
2017-07-08 04:00:00,19.37,Lublin,51.2465,22.5684
2017-07-08 06:00:00,14.19,Lublin,51.2465,22.5684
2017-07-08 08:00:00,13.36,Lublin,51.2465,22.5684
2017-07-08 10:00:00,15.48,Lublin,51.2465,22.5684
2017-07-08 12:00:00,15.93,Lublin,51.2465,22.5684
2017-07-08 14:00:00,18.91,Lublin,51.2465,22.5684
2017-07-08 16:00:00,21.49,Lublin,51.2465,22.5684
2017-07-08 18:00:00,22.84,Lublin,51.2465,22.5684
2017-07-08 20:00:00,25.32,Lublin,51.2465,22.5684
2017-07-08 22:00:00,25.82,Lublin,51.2465,22.5684
2017-07-09 00:00:00,23.89,Lublin,51.2465,22.5684
2017-07-09 02:00:00,21.75,Lublin,51.2465,22.5684
2017-07-09 04:00:00,16.86,Lublin,51.2465,22.5684
2017-07-09 06:00:00,15.08,Lublin,51.2465,22.5684
2017-07-09 08:00:00,11.41,Lublin,51.2465,22.5684
2017-07-09 10:00:00,11.27,Lublin,51.2465,22.5684
2017-07-09 12:00:00,11.27,Lublin,51.2465,22.5684
2017-07-09 14:00:00,17.49,Lublin,51.2465,22.5684
2017-07-09 16:00:00,18.47,Lublin,51.2465,22.5684
2017-07-09 18:00:00,21.89,Lublin,51.2465,22.5684
2017-07-09 20:00:00,24.9,Lublin,51.2465,22.5684
2017-07-09 22:00:00,23.32,Lublin,51.2465,22.5684
2017-07-10 00:00:00,23.51,Lublin,51.2465,22.5684
2017-07-10 02:00:00,20.64,Lublin,51.2465,22.5684
2017-07-10 04:00:00,16.06,Lublin,51.2465,22.5684
2017-07-10 06:00:00,15.38,Lublin,51.2465,22.5684
2017-07-10 08:00:00,13.21,Lublin,51.2465,22.5684
2017-07-10 10:00:00,14.5,Lublin,51.2465,22.5684
2017-07-10 12:00:00,15.58,Lublin,51.2465,22.5684
2017-07-10 14:00:00,18.76,Lublin,51.2465,22.5684
2017-07-10 16:00:00,20.32,Lublin,51.2465,22.5684
2017-07-10 18:00:00,23.59,Lublin,51.2465,22.5684
2017-07-10 20:00:00,24.87,Lublin,51.2465,22.5684
2017-07-10 22:00:00,24.86,Lublin,51.2465,22.5684
2017-07-11 00:00:00,23.76,Lublin,51.2465,22.5684
2017-07-11 02:00:00,20.96,Lublin,51.2465,22.5684
2017-07-11 04:00:00,18.07,Lublin,51.2465,22.5684
2017-07-11 06:00:00,14.95,Lublin,51.2465,22.5684
2017-07-11 08:00:00,12.47,Lublin,51.2465,22.5684
2017-07-11 10:00:00,13.1,Lublin,51.2465,22.5684
2017-07-11 12:00:00,15.76,Lublin,51.2465,22.5684
2017-07-11 14:00:00,16.88,Lublin,51.2465,22.5684
2017-07-11 16:00:00,21.77,Lublin,51.2465,22.5684
2017-07-11 18:00:00,,Lublin,51.2465,22.5684
2017-07-11 20:00:00,25.8,Lublin,51.2465,22.5684
2017-07-11 22:00:00,26.15,Lublin,51.2465,22.5684
2017-07-12 00:00:00,23.93,Lublin,51.2465,22.5684
2017-07-12 02:00:00,21.61,Lublin,51.2465,22.5684
2017-07-12 04:00:00,17.96,Lublin,51.2465,22.5684
2017-07-12 06:00:00,15.02,Lublin,51.2465,22.5684
2017-07-12 08:00:00,12.52,Lublin,51.2465,22.5684
2017-07-12 10:00:00,14.08,Lublin,51.2465,22.5684
2017-07-12 12:00:00,14.78,Lublin,51.2465,22.5684
2017-07-12 14:00:00,19.74,Lublin,51.2465,22.5684
2017-07-12 16:00:00,21.05,Lublin,51.2465,22.5684
2017-07-12 18:00:00,23.17,Lublin,51.2465,22.5684
2017-07-12 20:00:00,24.9,Lublin,51.2465,22.5684
2017-07-12 22:00:00,25.43,Lublin,51.2465,22.5684
2017-07-13 00:00:00,23.92,Lublin,51.2465,22.5684
2017-07-13 02:00:00,20.67,Lublin,51.2465,22.5684
2017-07-13 04:00:00,17.87,Lublin,51.2465,22.5684
2017-07-13 06:00:00,14.51,Lublin,51.2465,22.5684
2017-07-13 08:00:00,13.81,Lublin,51.2465,22.5684
2017-07-13 10:00:00,13.73,Lublin,51.2465,22.5684
2017-07-13 12:00:00,15.96,Lublin,51.2465,22.5684
2017-07-13 14:00:00,19.32,Lublin,51.2465,22.5684
2017-07-13 16:00:00,20.82,Lublin,51.2465,22.5684
2017-07-13 18:00:00,24.36,Lublin,51.2465,22.5684
2017-07-13 20:00:00,26.84,Lublin,51.2465,22.5684
2017-07-13 22:00:00,25.88,Lublin,51.2465,22.5684
2017-07-14 00:00:00,25.29,Lublin,51.2465,22.5684
2017-07-14 02:00:00,22.62,Lublin,51.2465,22.5684
2017-07-14 04:00:00,20.97,Lublin,51.2465,22.5684
2017-07-14 06:00:00,17.47,Lublin,51.2465,22.5684
2017-07-14 08:00:00,14.88,Lublin,51.2465,22.5684
2017-07-14 10:00:00,15.6,Lublin,51.2465,22.5684
2017-07-14 12:00:00,16.16,Lublin,51.2465,22.5684
2017-07-14 14:00:00,19.72,Lublin,51.2465,22.5684
2017-07-14 16:00:00,21.06,Lublin,51.2465,22.5684
2017-07-14 18:00:00,24.31,Lublin,51.2465,22.5684
2017-07-14 20:00:00,24.98,Lublin,51.2465,22.5684
2017-07-14 22:00:00,23.79,Lublin,51.2465,22.5684
2017-07-15 00:00:00,23.57,Lublin,51.2465,22.5684
2017-07-15 02:00:00,20.41,Lublin,51.2465,22.5684
2017-07-15 04:00:00,16.22,Lublin,51.2465,22.5684
2017-07-15 06:00:00,14.3,Lublin,51.2465,22.5684
2017-07-15 08:00:00,13.34,Lublin,51.2465,22.5684
2017-07-15 10:00:00,12.44,Lublin,51.2465,22.5684
2017-07-15 12:00:00,14.64,Lublin,51.2465,22.5684
2017-07-15 14:00:00,17.63,Lublin,51.2465,22.5684
2017-07-15 16:00:00,19.22,Lublin,51.2465,22.5684
2017-07-15 18:00:00,22.89,Lublin,51.2465,22.5684
2017-07-15 20:00:00,24.64,Lublin,51.2465,22.5684
2017-07-15 22:00:00,24.68,Lublin,51.2465,22.5684
2017-07-16 00:00:00,22.26,Lublin,51.2465,22.5684
2017-07-16 02:00:00,19.2,Lublin,51.2465,22.5684
2017-07-16 04:00:00,17.3,Lublin,51.2465,22.5684
2017-07-16 06:00:00,15.74,Lublin,51.2465,22.5684
2017-07-16 08:00:00,13.5,Lublin,51.2465,22.5684
2017-07-16 10:00:00,13.58,Lublin,51.2465,22.5684
2017-07-16 12:00:00,16.16,Lublin,51.2465,22.5684
2017-07-16 14:00:00,20.62,Lublin,51.2465,22.5684
2017-07-16 16:00:00,21.97,Lublin,51.2465,22.5684
2017-07-16 18:00:00,25.66,Lublin,51.2465,22.5684
2017-07-16 20:00:00,26.41,Lublin,51.2465,22.5684
2017-07-16 22:00:00,26.28,Lublin,51.2465,22.5684
2017-07-17 00:00:00,23.38,Lublin,51.2465,22.5684
2017-07-17 02:00:00,22.27,Lublin,51.2465,22.5684
2017-07-17 04:00:00,19.22,Lublin,51.2465,22.5684
2017-07-17 06:00:00,15.16,Lublin,51.2465,22.5684
2017-07-17 08:00:00,13.91,Lublin,51.2465,22.5684
2017-07-17 10:00:00,13.26,Lublin,51.2465,22.5684
2017-07-17 12:00:00,15.75,Lublin,51.2465,22.5684
2017-07-17 14:00:00,18.15,Lublin,51.2465,22.5684
2017-07-17 16:00:00,21.12,Lublin,51.2465,22.5684
2017-07-17 18:00:00,25.1,Lublin,51.2465,22.5684
2017-07-17 20:00:00,25.31,Lublin,51.2465,22.5684
2017-07-17 22:00:00,26.15,Lublin,51.2465,22.5684
2017-07-18 00:00:00,24.17,Lublin,51.2465,22.5684
2017-07-18 02:00:00,20.68,Lublin,51.2465,22.5684
2017-07-18 04:00:00,19.18,Lublin,51.2465,22.5684
2017-07-18 06:00:00,16.34,Lublin,51.2465,22.5684
2017-07-18 08:00:00,14.14,Lublin,51.2465,22.5684
2017-07-18 10:00:00,14.64,Lublin,51.2465,22.5684
2017-07-18 12:00:00,14.07,Lublin,51.2465,22.5684
2017-07-18 14:00:00,17.37,Lublin,51.2465,22.5684
2017-07-18 16:00:00,20.57,Lublin,51.2465,22.5684
2017-07-18 18:00:00,23.46,Lublin,51.2465,22.5684
2017-07-18 20:00:00,26.2,Lublin,51.2465,22.5684
2017-07-18 22:00:00,24.08,Lublin,51.2465,22.5684
2017-07-19 00:00:00,22.53,Lublin,51.2465,22.5684
2017-07-19 02:00:00,19.87,Lublin,51.2465,22.5684
2017-07-19 04:00:00,16.68,Lublin,51.2465,22.5684
2017-07-19 06:00:00,13.72,Lublin,51.2465,22.5684
2017-07-19 08:00:00,11.82,Lublin,51.2465,22.5684
2017-07-19 10:00:00,12.27,Lublin,51.2465,22.5684
2017-07-19 12:00:00,12.39,Lublin,51.2465,22.5684
2017-07-19 14:00:00,17.63,Lublin,51.2465,22.5684
2017-07-19 16:00:00,19.68,Lublin,51.2465,22.5684
2017-07-19 18:00:00,22.72,Lublin,51.2465,22.5684
2017-07-19 20:00:00,24.34,Lublin,51.2465,22.5684
2017-07-19 22:00:00,25.4,Lublin,51.2465,22.5684
2017-07-20 00:00:00,22.39,Lublin,51.2465,22.5684
2017-07-20 02:00:00,20.2,Lublin,51.2465,22.5684
2017-07-20 04:00:00,18.64,Lublin,51.2465,22.5684
2017-07-20 06:00:00,16.12,Lublin,51.2465,22.5684
2017-07-20 08:00:00,14.56,Lublin,51.2465,22.5684
2017-07-20 10:00:00,13.35,Lublin,51.2465,22.5684
2017-07-20 12:00:00,15.81,Lublin,51.2465,22.5684
2017-07-20 14:00:00,17.46,Lublin,51.2465,22.5684
2017-07-20 16:00:00,22.14,Lublin,51.2465,22.5684
2017-07-20 18:00:00,22.97,Lublin,51.2465,22.5684
2017-07-20 20:00:00,24.75,Lublin,51.2465,22.5684
2017-07-20 22:00:00,25.04,Lublin,51.2465,22.5684
2017-07-21 00:00:00,23.68,Lublin,51.2465,22.5684
2017-07-21 02:00:00,20.9,Lublin,51.2465,22.5684
2017-07-21 04:00:00,17.28,Lublin,51.2465,22.5684
2017-07-21 06:00:00,13.94,Lublin,51.2465,22.5684
2017-07-21 08:00:00,13.42,Lublin,51.2465,22.5684
2017-07-21 10:00:00,11.51,Lublin,51.2465,22.5684
2017-07-21 12:00:00,14.97,Lublin,51.2465,22.5684
2017-07-21 14:00:00,18.49,Lublin,51.2465,22.5684
2017-07-21 16:00:00,20.92,Lublin,51.2465,22.5684
2017-07-21 18:00:00,22.25,Lublin,51.2465,22.5684
2017-07-21 20:00:00,23.86,Lublin,51.2465,22.5684
2017-07-21 22:00:00,23.62,Lublin,51.2465,22.5684
2017-07-22 00:00:00,20.61,Lublin,51.2465,22.5684
2017-07-22 02:00:00,19.79,Lublin,51.2465,22.5684
2017-07-22 04:00:00,15.24,Lublin,51.2465,22.5684
2017-07-22 06:00:00,14.42,Lublin,51.2465,22.5684
2017-07-22 08:00:00,12.47,Lublin,51.2465,22.5684
2017-07-22 10:00:00,13.05,Lublin,51.2465,22.5684
2017-07-22 12:00:00,14.38,Lublin,51.2465,22.5684
2017-07-22 14:00:00,16.84,Lublin,51.2465,22.5684
2017-07-22 16:00:00,19.47,Lublin,51.2465,22.5684
2017-07-22 18:00:00,22.03,Lublin,51.2465,22.5684
2017-07-22 20:00:00,25.04,Lublin,51.2465,22.5684
2017-07-22 22:00:00,24.2,Lublin,51.2465,22.5684
2017-07-23 00:00:00,21.84,Lublin,51.2465,22.5684
2017-07-23 02:00:00,19.35,Lublin,51.2465,22.5684
2017-07-23 04:00:00,15.74,Lublin,51.2465,22.5684
2017-07-23 06:00:00,14.53,Lublin,51.2465,22.5684
2017-07-23 08:00:00,12.5,Lublin,51.2465,22.5684
2017-07-23 10:00:00,11.78,Lublin,51.2465,22.5684
2017-07-23 12:00:00,14.01,Lublin,51.2465,22.5684
2017-07-23 14:00:00,15.77,Lublin,51.2465,22.5684
2017-07-23 16:00:00,18.94,Lublin,51.2465,22.5684
2017-07-23 18:00:00,21.78,Lublin,51.2465,22.5684
2017-07-23 20:00:00,23.25,Lublin,51.2465,22.5684
2017-07-23 22:00:00,22.12,Lublin,51.2465,22.5684
2017-07-24 00:00:00,20.25,Lublin,51.2465,22.5684
2017-07-24 02:00:00,18.46,Lublin,51.2465,22.5684
2017-07-24 04:00:00,16.14,Lublin,51.2465,22.5684
2017-07-24 06:00:00,13.43,Lublin,51.2465,22.5684
2017-07-24 08:00:00,11.15,Lublin,51.2465,22.5684
2017-07-24 10:00:00,11.32,Lublin,51.2465,22.5684
2017-07-24 12:00:00,13.75,Lublin,51.2465,22.5684
2017-07-24 14:00:00,16.07,Lublin,51.2465,22.5684
2017-07-24 16:00:00,18.36,Lublin,51.2465,22.5684
2017-07-24 18:00:00,21.48,Lublin,51.2465,22.5684
2017-07-24 20:00:00,21.21,Lublin,51.2465,22.5684
2017-07-24 22:00:00,22.02,Lublin,51.2465,22.5684
2017-07-25 00:00:00,19.96,Lublin,51.2465,22.5684
2017-07-25 02:00:00,17.52,Lublin,51.2465,22.5684
2017-07-25 04:00:00,14.4,Lublin,51.2465,22.5684
2017-07-25 06:00:00,11.22,Lublin,51.2465,22.5684
2017-07-25 08:00:00,9.87,Lublin,51.2465,22.5684
2017-07-25 10:00:00,9.88,Lublin,51.2465,22.5684
2017-07-25 12:00:00,11.49,Lublin,51.2465,22.5684
2017-07-25 14:00:00,13.66,Lublin,51.2465,22.5684
2017-07-25 16:00:00,,Lublin,51.2465,22.5684
2017-07-25 18:00:00,22.0,Lublin,51.2465,22.5684
2017-07-25 20:00:00,21.75,Lublin,51.2465,22.5684
2017-07-25 22:00:00,,Lublin,51.2465,22.5684
2017-07-26 00:00:00,20.56,Lublin,51.2465,22.5684
2017-07-26 02:00:00,17.69,Lublin,51.2465,22.5684
2017-07-26 04:00:00,13.91,Lublin,51.2465,22.5684
2017-07-26 06:00:00,12.28,Lublin,51.2465,22.5684
2017-07-26 08:00:00,12.15,Lublin,51.2465,22.5684
2017-07-26 10:00:00,12.04,Lublin,51.2465,22.5684
2017-07-26 12:00:00,14.06,Lublin,51.2465,22.5684
2017-07-26 14:00:00,15.1,Lublin,51.2465,22.5684
2017-07-26 16:00:00,19.62,Lublin,51.2465,22.5684
2017-07-26 18:00:00,22.59,Lublin,51.2465,22.5684
2017-07-26 20:00:00,24.16,Lublin,51.2465,22.5684
2017-07-26 22:00:00,22.86,Lublin,51.2465,22.5684
2017-07-27 00:00:00,22.86,Lublin,51.2465,22.5684
2017-07-27 02:00:00,20.0,Lublin,51.2465,22.5684
2017-07-27 04:00:00,17.99,Lublin,51.2465,22.5684
2017-07-27 06:00:00,15.46,Lublin,51.2465,22.5684
2017-07-27 08:00:00,13.33,Lublin,51.2465,22.5684
2017-07-27 10:00:00,12.53,Lublin,51.2465,22.5684
2017-07-27 12:00:00,14.47,Lublin,51.2465,22.5684
2017-07-27 14:00:00,16.75,Lublin,51.2465,22.5684
2017-07-27 16:00:00,20.06,Lublin,51.2465,22.5684
2017-07-27 18:00:00,21.67,Lublin,51.2465,22.5684
2017-07-27 20:00:00,21.95,Lublin,51.2465,22.5684
2017-07-27 22:00:00,24.38,Lublin,51.2465,22.5684
2017-07-28 00:00:00,21.97,Lublin,51.2465,22.5684
2017-07-28 02:00:00,18.16,Lublin,51.2465,22.5684
2017-07-28 04:00:00,15.33,Lublin,51.2465,22.5684
2017-07-28 06:00:00,12.99,Lublin,51.2465,22.5684
2017-07-28 08:00:00,10.71,Lublin,51.2465,22.5684
2017-07-28 10:00:00,11.19,Lublin,51.2465,22.5684
2017-07-28 12:00:00,12.58,Lublin,51.2465,22.5684
2017-07-28 14:00:00,15.28,Lublin,51.2465,22.5684
2017-07-28 16:00:00,17.84,Lublin,51.2465,22.5684
2017-07-28 18:00:00,20.86,Lublin,51.2465,22.5684
2017-07-28 20:00:00,23.41,Lublin,51.2465,22.5684
2017-07-28 22:00:00,22.31,Lublin,51.2465,22.5684
2017-07-29 00:00:00,22.89,Lublin,51.2465,22.5684
2017-07-29 02:00:00,19.5,Lublin,51.2465,22.5684
2017-07-29 04:00:00,16.57,Lublin,51.2465,22.5684
2017-07-29 06:00:00,13.27,Lublin,51.2465,22.5684
2017-07-29 08:00:00,12.13,Lublin,51.2465,22.5684
2017-07-29 10:00:00,11.45,Lublin,51.2465,22.5684
2017-07-29 12:00:00,13.65,Lublin,51.2465,22.5684
2017-07-29 14:00:00,16.02,Lublin,51.2465,22.5684
2017-07-29 16:00:00,18.57,Lublin,51.2465,22.5684
2017-07-29 18:00:00,21.68,Lublin,51.2465,22.5684
2017-07-29 20:00:00,25.14,Lublin,51.2465,22.5684
2017-07-29 22:00:00,23.72,Lublin,51.2465,22.5684
2017-07-30 00:00:00,22.4,Lublin,51.2465,22.5684
2017-07-30 02:00:00,19.98,Lublin,51.2465,22.5684
2017-07-30 04:00:00,17.49,Lublin,51.2465,22.5684
2017-07-30 06:00:00,14.31,Lublin,51.2465,22.5684
2017-07-30 08:00:00,12.9,Lublin,51.2465,22.5684
2017-07-30 10:00:00,12.42,Lublin,51.2465,22.5684
2017-07-30 12:00:00,12.09,Lublin,51.2465,22.5684
2017-07-30 14:00:00,15.91,Lublin,51.2465,22.5684
2017-07-30 16:00:00,18.59,Lublin,51.2465,22.5684
2017-07-30 18:00:00,19.98,Lublin,51.2465,22.5684
2017-07-30 20:00:00,22.47,Lublin,51.2465,22.5684
2017-07-30 22:00:00,24.04,Lublin,51.2465,22.5684
2017-07-31 00:00:00,21.56,Lublin,51.2465,22.5684
2017-07-31 02:00:00,18.31,Lublin,51.2465,22.5684
2017-07-31 04:00:00,14.66,Lublin,51.2465,22.5684
2017-07-31 06:00:00,12.17,Lublin,51.2465,22.5684
2017-07-31 08:00:00,10.72,Lublin,51.2465,22.5684
2017-07-31 10:00:00,10.16,Lublin,51.2465,22.5684
2017-07-31 12:00:00,12.83,Lublin,51.2465,22.5684
2017-07-31 14:00:00,15.58,Lublin,51.2465,22.5684
2017-07-31 16:00:00,18.13,Lublin,51.2465,22.5684
2017-07-31 18:00:00,20.93,Lublin,51.2465,22.5684
2017-07-31 20:00:00,22.65,Lublin,51.2465,22.5684
2017-07-31 22:00:00,23.18,Lublin,51.2465,22.5684
2018-07-01 00:00:00,22.58,Lublin,51.2465,22.5684
2018-07-01 02:00:00,20.45,Lublin,51.2465,22.5684
2018-07-01 04:00:00,16.87,Lublin,51.2465,22.5684
2018-07-01 06:00:00,15.31,Lublin,51.2465,22.5684
2018-07-01 08:00:00,14.73,Lublin,51.2465,22.5684
2018-07-01 10:00:00,15.41,Lublin,51.2465,22.5684
2018-07-01 12:00:00,17.17,Lublin,51.2465,22.5684
2018-07-01 14:00:00,19.13,Lublin,51.2465,22.5684
2018-07-01 16:00:00,21.6,Lublin,51.2465,22.5684
2018-07-01 18:00:00,24.4,Lublin,51.2465,22.5684
2018-07-01 20:00:00,26.64,Lublin,51.2465,22.5684
2018-07-01 22:00:00,26.15,Lublin,51.2465,22.5684
2018-07-02 00:00:00,25.15,Lublin,51.2465,22.5684
2018-07-02 02:00:00,21.92,Lublin,51.2465,22.5684
2018-07-02 04:00:00,18.05,Lublin,51.2465,22.5684
2018-07-02 06:00:00,16.4,Lublin,51.2465,22.5684
2018-07-02 08:00:00,14.92,Lublin,51.2465,22.5684
2018-07-02 10:00:00,14.92,Lublin,51.2465,22.5684
2018-07-02 12:00:00,17.61,Lublin,51.2465,22.5684
2018-07-02 14:00:00,20.17,Lublin,51.2465,22.5684
2018-07-02 16:00:00,23.28,Lublin,51.2465,22.5684
2018-07-02 18:00:00,26.34,Lublin,51.2465,22.5684
2018-07-02 20:00:00,26.37,Lublin,51.2465,22.5684
2018-07-02 22:00:00,25.94,Lublin,51.2465,22.5684
2018-07-03 00:00:00,26.43,Lublin,51.2465,22.5684
2018-07-03 02:00:00,23.87,Lublin,51.2465,22.5684
2018-07-03 04:00:00,19.88,Lublin,51.2465,22.5684
2018-07-03 06:00:00,17.17,Lublin,51.2465,22.5684
2018-07-03 08:00:00,15.66,Lublin,51.2465,22.5684
2018-07-03 10:00:00,16.39,Lublin,51.2465,22.5684
2018-07-03 12:00:00,18.58,Lublin,51.2465,22.5684
2018-07-03 14:00:00,22.06,Lublin,51.2465,22.5684
2018-07-03 16:00:00,23.37,Lublin,51.2465,22.5684
2018-07-03 18:00:00,25.89,Lublin,51.2465,22.5684
2018-07-03 20:00:00,26.63,Lublin,51.2465,22.5684
2018-07-03 22:00:00,25.6,Lublin,51.2465,22.5684
2018-07-04 00:00:00,24.46,Lublin,51.2465,22.5684
2018-07-04 02:00:00,22.4,Lublin,51.2465,22.5684
2018-07-04 04:00:00,19.66,Lublin,51.2465,22.5684
2018-07-04 06:00:00,17.13,Lublin,51.2465,22.5684
2018-07-04 08:00:00,16.23,Lublin,51.2465,22.5684
2018-07-04 10:00:00,17.57,Lublin,51.2465,22.5684
2018-07-04 12:00:00,17.85,Lublin,51.2465,22.5684
2018-07-04 14:00:00,20.35,Lublin,51.2465,22.5684
2018-07-04 16:00:00,22.92,Lublin,51.2465,22.5684
2018-07-04 18:00:00,24.22,Lublin,51.2465,22.5684
2018-07-04 20:00:00,27.33,Lublin,51.2465,22.5684
2018-07-04 22:00:00,25.62,Lublin,51.2465,22.5684
2018-07-05 00:00:00,24.89,Lublin,51.2465,22.5684
2018-07-05 02:00:00,22.34,Lublin,51.2465,22.5684
2018-07-05 04:00:00,18.76,Lublin,51.2465,22.5684
2018-07-05 06:00:00,15.02,Lublin,51.2465,22.5684
2018-07-05 08:00:00,15.92,Lublin,51.2465,22.5684
2018-07-05 10:00:00,14.41,Lublin,51.2465,22.5684
2018-07-05 12:00:00,16.62,Lublin,51.2465,22.5684
2018-07-05 14:00:00,18.91,Lublin,51.2465,22.5684
2018-07-05 16:00:00,22.21,Lublin,51.2465,22.5684
2018-07-05 18:00:00,26.3,Lublin,51.2465,22.5684
2018-07-05 20:00:00,27.34,Lublin,51.2465,22.5684
2018-07-05 22:00:00,24.78,Lublin,51.2465,22.5684
2018-07-06 00:00:00,24.01,Lublin,51.2465,22.5684
2018-07-06 02:00:00,21.43,Lublin,51.2465,22.5684
2018-07-06 04:00:00,20.09,Lublin,51.2465,22.5684
2018-07-06 06:00:00,17.73,Lublin,51.2465,22.5684
2018-07-06 08:00:00,15.72,Lublin,51.2465,22.5684
2018-07-06 10:00:00,15.56,Lublin,51.2465,22.5684
2018-07-06 12:00:00,17.38,Lublin,51.2465,22.5684
2018-07-06 14:00:00,20.53,Lublin,51.2465,22.5684
2018-07-06 16:00:00,23.38,Lublin,51.2465,22.5684
2018-07-06 18:00:00,25.71,Lublin,51.2465,22.5684
2018-07-06 20:00:00,27.75,Lublin,51.2465,22.5684
2018-07-06 22:00:00,26.6,Lublin,51.2465,22.5684
2018-07-07 00:00:00,25.39,Lublin,51.2465,22.5684
2018-07-07 02:00:00,21.49,Lublin,51.2465,22.5684
2018-07-07 04:00:00,19.79,Lublin,51.2465,22.5684
2018-07-07 06:00:00,17.89,Lublin,51.2465,22.5684
2018-07-07 08:00:00,15.94,Lublin,51.2465,22.5684
2018-07-07 10:00:00,15.37,Lublin,51.2465,22.5684
2018-07-07 12:00:00,17.87,Lublin,51.2465,22.5684
2018-07-07 14:00:00,19.19,Lublin,51.2465,22.5684
2018-07-07 16:00:00,22.04,Lublin,51.2465,22.5684
2018-07-07 18:00:00,23.94,Lublin,51.2465,22.5684
2018-07-07 20:00:00,25.53,Lublin,51.2465,22.5684
2018-07-07 22:00:00,26.79,Lublin,51.2465,22.5684
2018-07-08 00:00:00,24.12,Lublin,51.2465,22.5684
2018-07-08 02:00:00,21.43,Lublin,51.2465,22.5684
2018-07-08 04:00:00,,Lublin,51.2465,22.5684
2018-07-08 06:00:00,16.97,Lublin,51.2465,22.5684
2018-07-08 08:00:00,16.72,Lublin,51.2465,22.5684
2018-07-08 10:00:00,14.78,Lublin,51.2465,22.5684
2018-07-08 12:00:00,17.14,Lublin,51.2465,22.5684
2018-07-08 14:00:00,20.03,Lublin,51.2465,22.5684
2018-07-08 16:00:00,22.11,Lublin,51.2465,22.5684
2018-07-08 18:00:00,24.63,Lublin,51.2465,22.5684
2018-07-08 20:00:00,27.33,Lublin,51.2465,22.5684
2018-07-08 22:00:00,29.0,Lublin,51.2465,22.5684
2018-07-09 00:00:00,26.36,Lublin,51.2465,22.5684
2018-07-09 02:00:00,23.44,Lublin,51.2465,22.5684
2018-07-09 04:00:00,19.24,Lublin,51.2465,22.5684
2018-07-09 06:00:00,17.06,Lublin,51.2465,22.5684
2018-07-09 08:00:00,15.02,Lublin,51.2465,22.5684
2018-07-09 10:00:00,14.94,Lublin,51.2465,22.5684
2018-07-09 12:00:00,15.36,Lublin,51.2465,22.5684
2018-07-09 14:00:00,19.58,Lublin,51.2465,22.5684
2018-07-09 16:00:00,22.6,Lublin,51.2465,22.5684
2018-07-09 18:00:00,25.2,Lublin,51.2465,22.5684
2018-07-09 20:00:00,24.65,Lublin,51.2465,22.5684
2018-07-09 22:00:00,27.83,Lublin,51.2465,22.5684
2018-07-10 00:00:00,25.51,Lublin,51.2465,22.5684
2018-07-10 02:00:00,22.01,Lublin,51.2465,22.5684
2018-07-10 04:00:00,18.93,Lublin,51.2465,22.5684
2018-07-10 06:00:00,15.53,Lublin,51.2465,22.5684
2018-07-10 08:00:00,14.08,Lublin,51.2465,22.5684
2018-07-10 10:00:00,14.36,Lublin,51.2465,22.5684
2018-07-10 12:00:00,15.04,Lublin,51.2465,22.5684
2018-07-10 14:00:00,17.13,Lublin,51.2465,22.5684
2018-07-10 16:00:00,21.18,Lublin,51.2465,22.5684
2018-07-10 18:00:00,23.92,Lublin,51.2465,22.5684
2018-07-10 20:00:00,25.58,Lublin,51.2465,22.5684
2018-07-10 22:00:00,24.71,Lublin,51.2465,22.5684
2018-07-11 00:00:00,24.23,Lublin,51.2465,22.5684
2018-07-11 02:00:00,21.16,Lublin,51.2465,22.5684
2018-07-11 04:00:00,17.26,Lublin,51.2465,22.5684
2018-07-11 06:00:00,14.7,Lublin,51.2465,22.5684
2018-07-11 08:00:00,13.0,Lublin,51.2465,22.5684
2018-07-11 10:00:00,12.51,Lublin,51.2465,22.5684
2018-07-11 12:00:00,13.82,Lublin,51.2465,22.5684
2018-07-11 14:00:00,16.86,Lublin,51.2465,22.5684
2018-07-11 16:00:00,19.6,Lublin,51.2465,22.5684
2018-07-11 18:00:00,23.37,Lublin,51.2465,22.5684
2018-07-11 20:00:00,25.92,Lublin,51.2465,22.5684
2018-07-11 22:00:00,26.1,Lublin,51.2465,22.5684
2018-07-12 00:00:00,25.1,Lublin,51.2465,22.5684
2018-07-12 02:00:00,22.65,Lublin,51.2465,22.5684
2018-07-12 04:00:00,18.49,Lublin,51.2465,22.5684
2018-07-12 06:00:00,16.88,Lublin,51.2465,22.5684
2018-07-12 08:00:00,15.73,Lublin,51.2465,22.5684
2018-07-12 10:00:00,16.72,Lublin,51.2465,22.5684
2018-07-12 12:00:00,17.7,Lublin,51.2465,22.5684
2018-07-12 14:00:00,21.26,Lublin,51.2465,22.5684
2018-07-12 16:00:00,22.98,Lublin,51.2465,22.5684
2018-07-12 18:00:00,27.89,Lublin,51.2465,22.5684
2018-07-12 20:00:00,27.87,Lublin,51.2465,22.5684
2018-07-12 22:00:00,27.86,Lublin,51.2465,22.5684
2018-07-13 00:00:00,24.41,Lublin,51.2465,22.5684
2018-07-13 02:00:00,22.65,Lublin,51.2465,22.5684
2018-07-13 04:00:00,19.79,Lublin,51.2465,22.5684
2018-07-13 06:00:00,15.84,Lublin,51.2465,22.5684
2018-07-13 08:00:00,14.93,Lublin,51.2465,22.5684
2018-07-13 10:00:00,15.68,Lublin,51.2465,22.5684
2018-07-13 12:00:00,16.24,Lublin,51.2465,22.5684
2018-07-13 14:00:00,18.77,Lublin,51.2465,22.5684
2018-07-13 16:00:00,22.74,Lublin,51.2465,22.5684
2018-07-13 18:00:00,25.07,Lublin,51.2465,22.5684
2018-07-13 20:00:00,26.45,Lublin,51.2465,22.5684
2018-07-13 22:00:00,25.04,Lublin,51.2465,22.5684
2018-07-14 00:00:00,23.85,Lublin,51.2465,22.5684
2018-07-14 02:00:00,21.18,Lublin,51.2465,22.5684
2018-07-14 04:00:00,16.52,Lublin,51.2465,22.5684
2018-07-14 06:00:00,16.06,Lublin,51.2465,22.5684
2018-07-14 08:00:00,13.8,Lublin,51.2465,22.5684
2018-07-14 10:00:00,13.33,Lublin,51.2465,22.5684
2018-07-14 12:00:00,13.03,Lublin,51.2465,22.5684
2018-07-14 14:00:00,16.54,Lublin,51.2465,22.5684
2018-07-14 16:00:00,19.68,Lublin,51.2465,22.5684
2018-07-14 18:00:00,22.45,Lublin,51.2465,22.5684
2018-07-14 20:00:00,24.57,Lublin,51.2465,22.5684
2018-07-14 22:00:00,24.69,Lublin,51.2465,22.5684
2018-07-15 00:00:00,21.98,Lublin,51.2465,22.5684
2018-07-15 02:00:00,19.16,Lublin,51.2465,22.5684
2018-07-15 04:00:00,16.57,Lublin,51.2465,22.5684
2018-07-15 06:00:00,13.56,Lublin,51.2465,22.5684
2018-07-15 08:00:00,13.61,Lublin,51.2465,22.5684
2018-07-15 10:00:00,11.65,Lublin,51.2465,22.5684
2018-07-15 12:00:00,12.79,Lublin,51.2465,22.5684
2018-07-15 14:00:00,17.35,Lublin,51.2465,22.5684
2018-07-15 16:00:00,19.66,Lublin,51.2465,22.5684
2018-07-15 18:00:00,22.17,Lublin,51.2465,22.5684
2018-07-15 20:00:00,22.87,Lublin,51.2465,22.5684
2018-07-15 22:00:00,23.24,Lublin,51.2465,22.5684
2018-07-16 00:00:00,21.18,Lublin,51.2465,22.5684
2018-07-16 02:00:00,17.63,Lublin,51.2465,22.5684
2018-07-16 04:00:00,16.18,Lublin,51.2465,22.5684
2018-07-16 06:00:00,14.41,Lublin,51.2465,22.5684
2018-07-16 08:00:00,13.89,Lublin,51.2465,22.5684
2018-07-16 10:00:00,13.99,Lublin,51.2465,22.5684
2018-07-16 12:00:00,14.16,Lublin,51.2465,22.5684
2018-07-16 14:00:00,17.47,Lublin,51.2465,22.5684
2018-07-16 16:00:00,19.33,Lublin,51.2465,22.5684
2018-07-16 18:00:00,22.24,Lublin,51.2465,22.5684
2018-07-16 20:00:00,23.29,Lublin,51.2465,22.5684
2018-07-16 22:00:00,23.51,Lublin,51.2465,22.5684
2018-07-17 00:00:00,22.45,Lublin,51.2465,22.5684
2018-07-17 02:00:00,19.24,Lublin,51.2465,22.5684
2018-07-17 04:00:00,17.51,Lublin,51.2465,22.5684
2018-07-17 06:00:00,13.73,Lublin,51.2465,22.5684
2018-07-17 08:00:00,13.0,Lublin,51.2465,22.5684
2018-07-17 10:00:00,13.39,Lublin,51.2465,22.5684
2018-07-17 12:00:00,14.85,Lublin,51.2465,22.5684
2018-07-17 14:00:00,17.36,Lublin,51.2465,22.5684
2018-07-17 16:00:00,20.03,Lublin,51.2465,22.5684
2018-07-17 18:00:00,22.99,Lublin,51.2465,22.5684
2018-07-17 20:00:00,24.04,Lublin,51.2465,22.5684
2018-07-17 22:00:00,24.65,Lublin,51.2465,22.5684
2018-07-18 00:00:00,22.4,Lublin,51.2465,22.5684
2018-07-18 02:00:00,19.79,Lublin,51.2465,22.5684
2018-07-18 04:00:00,17.7,Lublin,51.2465,22.5684
2018-07-18 06:00:00,14.1,Lublin,51.2465,22.5684
2018-07-18 08:00:00,13.9,Lublin,51.2465,22.5684
2018-07-18 10:00:00,12.48,Lublin,51.2465,22.5684
2018-07-18 12:00:00,15.05,Lublin,51.2465,22.5684
2018-07-18 14:00:00,17.52,Lublin,51.2465,22.5684
2018-07-18 16:00:00,21.06,Lublin,51.2465,22.5684
2018-07-18 18:00:00,23.55,Lublin,51.2465,22.5684
2018-07-18 20:00:00,25.32,Lublin,51.2465,22.5684
2018-07-18 22:00:00,24.51,Lublin,51.2465,22.5684
2018-07-19 00:00:00,23.74,Lublin,51.2465,22.5684
2018-07-19 02:00:00,20.08,Lublin,51.2465,22.5684
2018-07-19 04:00:00,17.07,Lublin,51.2465,22.5684
2018-07-19 06:00:00,13.46,Lublin,51.2465,22.5684
2018-07-19 08:00:00,12.5,Lublin,51.2465,22.5684
2018-07-19 10:00:00,11.57,Lublin,51.2465,22.5684
2018-07-19 12:00:00,14.87,Lublin,51.2465,22.5684
2018-07-19 14:00:00,17.35,Lublin,51.2465,22.5684
2018-07-19 16:00:00,20.88,Lublin,51.2465,22.5684
2018-07-19 18:00:00,23.09,Lublin,51.2465,22.5684
2018-07-19 20:00:00,23.51,Lublin,51.2465,22.5684
2018-07-19 22:00:00,23.8,Lublin,51.2465,22.5684
2018-07-20 00:00:00,21.65,Lublin,51.2465,22.5684
2018-07-20 02:00:00,18.96,Lublin,51.2465,22.5684
2018-07-20 04:00:00,15.02,Lublin,51.2465,22.5684
2018-07-20 06:00:00,12.51,Lublin,51.2465,22.5684
2018-07-20 08:00:00,9.83,Lublin,51.2465,22.5684
2018-07-20 10:00:00,10.79,Lublin,51.2465,22.5684
2018-07-20 12:00:00,13.51,Lublin,51.2465,22.5684
2018-07-20 14:00:00,15.61,Lublin,51.2465,22.5684
2018-07-20 16:00:00,19.78,Lublin,51.2465,22.5684
2018-07-20 18:00:00,21.57,Lublin,51.2465,22.5684
2018-07-20 20:00:00,24.96,Lublin,51.2465,22.5684
2018-07-20 22:00:00,22.79,Lublin,51.2465,22.5684
2018-07-21 00:00:00,22.15,Lublin,51.2465,22.5684
2018-07-21 02:00:00,19.45,Lublin,51.2465,22.5684
2018-07-21 04:00:00,15.84,Lublin,51.2465,22.5684
2018-07-21 06:00:00,12.46,Lublin,51.2465,22.5684
2018-07-21 08:00:00,12.52,Lublin,51.2465,22.5684
2018-07-21 10:00:00,12.66,Lublin,51.2465,22.5684
2018-07-21 12:00:00,14.99,Lublin,51.2465,22.5684
2018-07-21 14:00:00,16.0,Lublin,51.2465,22.5684
2018-07-21 16:00:00,19.23,Lublin,51.2465,22.5684
2018-07-21 18:00:00,22.08,Lublin,51.2465,22.5684
2018-07-21 20:00:00,24.61,Lublin,51.2465,22.5684
2018-07-21 22:00:00,24.3,Lublin,51.2465,22.5684
2018-07-22 00:00:00,22.26,Lublin,51.2465,22.5684
2018-07-22 02:00:00,19.48,Lublin,51.2465,22.5684
2018-07-22 04:00:00,16.76,Lublin,51.2465,22.5684
2018-07-22 06:00:00,13.36,Lublin,51.2465,22.5684
2018-07-22 08:00:00,,Lublin,51.2465,22.5684
2018-07-22 10:00:00,13.82,Lublin,51.2465,22.5684
2018-07-22 12:00:00,15.38,Lublin,51.2465,22.5684
2018-07-22 14:00:00,18.36,Lublin,51.2465,22.5684
2018-07-22 16:00:00,19.21,Lublin,51.2465,22.5684
2018-07-22 18:00:00,21.44,Lublin,51.2465,22.5684
2018-07-22 20:00:00,24.65,Lublin,51.2465,22.5684
2018-07-22 22:00:00,23.98,Lublin,51.2465,22.5684
2018-07-23 00:00:00,21.04,Lublin,51.2465,22.5684
2018-07-23 02:00:00,18.61,Lublin,51.2465,22.5684
2018-07-23 04:00:00,15.13,Lublin,51.2465,22.5684
2018-07-23 06:00:00,12.97,Lublin,51.2465,22.5684
2018-07-23 08:00:00,13.91,Lublin,51.2465,22.5684
2018-07-23 10:00:00,11.95,Lublin,51.2465,22.5684
2018-07-23 12:00:00,13.0,Lublin,51.2465,22.5684
2018-07-23 14:00:00,16.27,Lublin,51.2465,22.5684
2018-07-23 16:00:00,18.45,Lublin,51.2465,22.5684
2018-07-23 18:00:00,21.25,Lublin,51.2465,22.5684
2018-07-23 20:00:00,23.26,Lublin,51.2465,22.5684
2018-07-23 22:00:00,24.05,Lublin,51.2465,22.5684
2018-07-24 00:00:00,21.92,Lublin,51.2465,22.5684
2018-07-24 02:00:00,18.4,Lublin,51.2465,22.5684
2018-07-24 04:00:00,15.52,Lublin,51.2465,22.5684
2018-07-24 06:00:00,12.92,Lublin,51.2465,22.5684
2018-07-24 08:00:00,12.88,Lublin,51.2465,22.5684
2018-07-24 10:00:00,11.73,Lublin,51.2465,22.5684
2018-07-24 12:00:00,14.57,Lublin,51.2465,22.5684
2018-07-24 14:00:00,15.97,Lublin,51.2465,22.5684
2018-07-24 16:00:00,19.53,Lublin,51.2465,22.5684
2018-07-24 18:00:00,21.95,Lublin,51.2465,22.5684
2018-07-24 20:00:00,23.19,Lublin,51.2465,22.5684
2018-07-24 22:00:00,23.08,Lublin,51.2465,22.5684
2018-07-25 00:00:00,22.41,Lublin,51.2465,22.5684
2018-07-25 02:00:00,17.73,Lublin,51.2465,22.5684
2018-07-25 04:00:00,14.56,Lublin,51.2465,22.5684
2018-07-25 06:00:00,12.32,Lublin,51.2465,22.5684
2018-07-25 08:00:00,9.99,Lublin,51.2465,22.5684
2018-07-25 10:00:00,11.55,Lublin,51.2465,22.5684
2018-07-25 12:00:00,12.92,Lublin,51.2465,22.5684
2018-07-25 14:00:00,14.54,Lublin,51.2465,22.5684
2018-07-25 16:00:00,18.89,Lublin,51.2465,22.5684
2018-07-25 18:00:00,20.12,Lublin,51.2465,22.5684
2018-07-25 20:00:00,23.4,Lublin,51.2465,22.5684
2018-07-25 22:00:00,22.09,Lublin,51.2465,22.5684
2018-07-26 00:00:00,21.05,Lublin,51.2465,22.5684
2018-07-26 02:00:00,18.79,Lublin,51.2465,22.5684
2018-07-26 04:00:00,14.51,Lublin,51.2465,22.5684
2018-07-26 06:00:00,11.37,Lublin,51.2465,22.5684
2018-07-26 08:00:00,9.4,Lublin,51.2465,22.5684
2018-07-26 10:00:00,10.34,Lublin,51.2465,22.5684
2018-07-26 12:00:00,11.45,Lublin,51.2465,22.5684
2018-07-26 14:00:00,14.76,Lublin,51.2465,22.5684
2018-07-26 16:00:00,17.44,Lublin,51.2465,22.5684
2018-07-26 18:00:00,20.92,Lublin,51.2465,22.5684
2018-07-26 20:00:00,22.33,Lublin,51.2465,22.5684
2018-07-26 22:00:00,22.21,Lublin,51.2465,22.5684
2018-07-27 00:00:00,22.37,Lublin,51.2465,22.5684
2018-07-27 02:00:00,18.54,Lublin,51.2465,22.5684
2018-07-27 04:00:00,15.21,Lublin,51.2465,22.5684
2018-07-27 06:00:00,13.81,Lublin,51.2465,22.5684
2018-07-27 08:00:00,11.31,Lublin,51.2465,22.5684
2018-07-27 10:00:00,11.21,Lublin,51.2465,22.5684
2018-07-27 12:00:00,14.08,Lublin,51.2465,22.5684
2018-07-27 14:00:00,13.83,Lublin,51.2465,22.5684
2018-07-27 16:00:00,17.33,Lublin,51.2465,22.5684
2018-07-27 18:00:00,20.07,Lublin,51.2465,22.5684
2018-07-27 20:00:00,22.07,Lublin,51.2465,22.5684
2018-07-27 22:00:00,19.92,Lublin,51.2465,22.5684
2018-07-28 00:00:00,19.9,Lublin,51.2465,22.5684
2018-07-28 02:00:00,16.29,Lublin,51.2465,22.5684
2018-07-28 04:00:00,13.07,Lublin,51.2465,22.5684
2018-07-28 06:00:00,10.95,Lublin,51.2465,22.5684
2018-07-28 08:00:00,9.76,Lublin,51.2465,22.5684
2018-07-28 10:00:00,8.19,Lublin,51.2465,22.5684
2018-07-28 12:00:00,11.13,Lublin,51.2465,22.5684
2018-07-28 14:00:00,14.38,Lublin,51.2465,22.5684
2018-07-28 16:00:00,16.03,Lublin,51.2465,22.5684
2018-07-28 18:00:00,19.47,Lublin,51.2465,22.5684
2018-07-28 20:00:00,21.1,Lublin,51.2465,22.5684
2018-07-28 22:00:00,20.12,Lublin,51.2465,22.5684
2018-07-29 00:00:00,19.82,Lublin,51.2465,22.5684
2018-07-29 02:00:00,16.05,Lublin,51.2465,22.5684
2018-07-29 04:00:00,13.25,Lublin,51.2465,22.5684
2018-07-29 06:00:00,8.11,Lublin,51.2465,22.5684
2018-07-29 08:00:00,6.54,Lublin,51.2465,22.5684
2018-07-29 10:00:00,8.96,Lublin,51.2465,22.5684
2018-07-29 12:00:00,9.62,Lublin,51.2465,22.5684
2018-07-29 14:00:00,11.75,Lublin,51.2465,22.5684
2018-07-29 16:00:00,16.42,Lublin,51.2465,22.5684
2018-07-29 18:00:00,18.04,Lublin,51.2465,22.5684
2018-07-29 20:00:00,21.06,Lublin,51.2465,22.5684
2018-07-29 22:00:00,20.73,Lublin,51.2465,22.5684
2018-07-30 00:00:00,19.13,Lublin,51.2465,22.5684
2018-07-30 02:00:00,15.49,Lublin,51.2465,22.5684
2018-07-30 04:00:00,12.08,Lublin,51.2465,22.5684
2018-07-30 06:00:00,11.26,Lublin,51.2465,22.5684
2018-07-30 08:00:00,9.43,Lublin,51.2465,22.5684
2018-07-30 10:00:00,9.13,Lublin,51.2465,22.5684
2018-07-30 12:00:00,9.65,Lublin,51.2465,22.5684
2018-07-30 14:00:00,13.36,Lublin,51.2465,22.5684
2018-07-30 16:00:00,16.99,Lublin,51.2465,22.5684
2018-07-30 18:00:00,18.9,Lublin,51.2465,22.5684
2018-07-30 20:00:00,,Lublin,51.2465,22.5684
2018-07-30 22:00:00,19.46,Lublin,51.2465,22.5684
2018-07-31 00:00:00,19.71,Lublin,51.2465,22.5684
2018-07-31 02:00:00,16.08,Lublin,51.2465,22.5684
2018-07-31 04:00:00,13.37,Lublin,51.2465,22.5684
2018-07-31 06:00:00,12.56,Lublin,51.2465,22.5684
2018-07-31 08:00:00,11.99,Lublin,51.2465,22.5684
2018-07-31 10:00:00,10.07,Lublin,51.2465,22.5684
2018-07-31 12:00:00,12.56,Lublin,51.2465,22.5684
2018-07-31 14:00:00,15.03,Lublin,51.2465,22.5684
2018-07-31 16:00:00,18.97,Lublin,51.2465,22.5684
2018-07-31 18:00:00,21.2,Lublin,51.2465,22.5684
2018-07-31 20:00:00,21.98,Lublin,51.2465,22.5684
2018-07-31 22:00:00,24.03,Lublin,51.2465,22.5684
2019-07-01 00:00:00,23.34,Lublin,51.2465,22.5684
2019-07-01 02:00:00,20.59,Lublin,51.2465,22.5684
2019-07-01 04:00:00,16.94,Lublin,51.2465,22.5684
2019-07-01 06:00:00,15.48,Lublin,51.2465,22.5684
2019-07-01 08:00:00,14.68,Lublin,51.2465,22.5684
2019-07-01 10:00:00,14.33,Lublin,51.2465,22.5684
2019-07-01 12:00:00,14.87,Lublin,51.2465,22.5684
2019-07-01 14:00:00,17.37,Lublin,51.2465,22.5684
2019-07-01 16:00:00,20.01,Lublin,51.2465,22.5684
2019-07-01 18:00:00,22.78,Lublin,51.2465,22.5684
2019-07-01 20:00:00,24.77,Lublin,51.2465,22.5684
2019-07-01 22:00:00,24.18,Lublin,51.2465,22.5684
2019-07-02 00:00:00,24.29,Lublin,51.2465,22.5684
2019-07-02 02:00:00,22.22,Lublin,51.2465,22.5684
2019-07-02 04:00:00,18.71,Lublin,51.2465,22.5684
2019-07-02 06:00:00,14.43,Lublin,51.2465,22.5684
2019-07-02 08:00:00,12.54,Lublin,51.2465,22.5684
2019-07-02 10:00:00,13.5,Lublin,51.2465,22.5684
2019-07-02 12:00:00,13.97,Lublin,51.2465,22.5684
2019-07-02 14:00:00,17.31,Lublin,51.2465,22.5684
2019-07-02 16:00:00,20.48,Lublin,51.2465,22.5684
2019-07-02 18:00:00,23.13,Lublin,51.2465,22.5684
2019-07-02 20:00:00,23.88,Lublin,51.2465,22.5684
2019-07-02 22:00:00,24.56,Lublin,51.2465,22.5684
2019-07-03 00:00:00,23.27,Lublin,51.2465,22.5684
2019-07-03 02:00:00,19.64,Lublin,51.2465,22.5684
2019-07-03 04:00:00,17.18,Lublin,51.2465,22.5684
2019-07-03 06:00:00,15.63,Lublin,51.2465,22.5684
2019-07-03 08:00:00,12.33,Lublin,51.2465,22.5684
2019-07-03 10:00:00,13.92,Lublin,51.2465,22.5684
2019-07-03 12:00:00,15.28,Lublin,51.2465,22.5684
2019-07-03 14:00:00,18.04,Lublin,51.2465,22.5684
2019-07-03 16:00:00,22.21,Lublin,51.2465,22.5684
2019-07-03 18:00:00,25.57,Lublin,51.2465,22.5684
2019-07-03 20:00:00,26.19,Lublin,51.2465,22.5684
2019-07-03 22:00:00,26.31,Lublin,51.2465,22.5684
2019-07-04 00:00:00,25.04,Lublin,51.2465,22.5684
2019-07-04 02:00:00,22.41,Lublin,51.2465,22.5684
2019-07-04 04:00:00,20.7,Lublin,51.2465,22.5684
2019-07-04 06:00:00,16.86,Lublin,51.2465,22.5684
2019-07-04 08:00:00,14.95,Lublin,51.2465,22.5684
2019-07-04 10:00:00,15.05,Lublin,51.2465,22.5684
2019-07-04 12:00:00,15.57,Lublin,51.2465,22.5684
2019-07-04 14:00:00,19.18,Lublin,51.2465,22.5684
2019-07-04 16:00:00,21.18,Lublin,51.2465,22.5684
2019-07-04 18:00:00,23.6,Lublin,51.2465,22.5684
2019-07-04 20:00:00,25.08,Lublin,51.2465,22.5684
2019-07-04 22:00:00,25.52,Lublin,51.2465,22.5684
2019-07-05 00:00:00,25.25,Lublin,51.2465,22.5684
2019-07-05 02:00:00,20.96,Lublin,51.2465,22.5684
2019-07-05 04:00:00,18.42,Lublin,51.2465,22.5684
2019-07-05 06:00:00,16.62,Lublin,51.2465,22.5684
2019-07-05 08:00:00,13.02,Lublin,51.2465,22.5684
2019-07-05 10:00:00,14.5,Lublin,51.2465,22.5684
2019-07-05 12:00:00,15.84,Lublin,51.2465,22.5684
2019-07-05 14:00:00,17.94,Lublin,51.2465,22.5684
2019-07-05 16:00:00,20.47,Lublin,51.2465,22.5684
2019-07-05 18:00:00,23.1,Lublin,51.2465,22.5684
2019-07-05 20:00:00,25.51,Lublin,51.2465,22.5684
2019-07-05 22:00:00,26.3,Lublin,51.2465,22.5684
2019-07-06 00:00:00,24.55,Lublin,51.2465,22.5684
2019-07-06 02:00:00,21.93,Lublin,51.2465,22.5684
2019-07-06 04:00:00,18.7,Lublin,51.2465,22.5684
2019-07-06 06:00:00,16.41,Lublin,51.2465,22.5684
2019-07-06 08:00:00,15.05,Lublin,51.2465,22.5684
2019-07-06 10:00:00,13.63,Lublin,51.2465,22.5684
2019-07-06 12:00:00,13.81,Lublin,51.2465,22.5684
2019-07-06 14:00:00,17.0,Lublin,51.2465,22.5684
2019-07-06 16:00:00,20.18,Lublin,51.2465,22.5684
2019-07-06 18:00:00,22.88,Lublin,51.2465,22.5684
2019-07-06 20:00:00,25.5,Lublin,51.2465,22.5684
2019-07-06 22:00:00,24.85,Lublin,51.2465,22.5684
2019-07-07 00:00:00,21.83,Lublin,51.2465,22.5684
2019-07-07 02:00:00,19.88,Lublin,51.2465,22.5684
2019-07-07 04:00:00,17.18,Lublin,51.2465,22.5684
2019-07-07 06:00:00,13.87,Lublin,51.2465,22.5684
2019-07-07 08:00:00,11.72,Lublin,51.2465,22.5684
2019-07-07 10:00:00,12.18,Lublin,51.2465,22.5684
2019-07-07 12:00:00,15.07,Lublin,51.2465,22.5684
2019-07-07 14:00:00,17.68,Lublin,51.2465,22.5684
2019-07-07 16:00:00,21.91,Lublin,51.2465,22.5684
2019-07-07 18:00:00,23.83,Lublin,51.2465,22.5684
2019-07-07 20:00:00,24.63,Lublin,51.2465,22.5684
2019-07-07 22:00:00,25.0,Lublin,51.2465,22.5684
2019-07-08 00:00:00,23.0,Lublin,51.2465,22.5684
2019-07-08 02:00:00,18.23,Lublin,51.2465,22.5684
2019-07-08 04:00:00,16.33,Lublin,51.2465,22.5684
2019-07-08 06:00:00,13.37,Lublin,51.2465,22.5684
2019-07-08 08:00:00,11.81,Lublin,51.2465,22.5684
2019-07-08 10:00:00,13.23,Lublin,51.2465,22.5684
2019-07-08 12:00:00,14.03,Lublin,51.2465,22.5684
2019-07-08 14:00:00,16.8,Lublin,51.2465,22.5684
2019-07-08 16:00:00,20.06,Lublin,51.2465,22.5684
2019-07-08 18:00:00,24.99,Lublin,51.2465,22.5684
2019-07-08 20:00:00,24.46,Lublin,51.2465,22.5684
2019-07-08 22:00:00,25.21,Lublin,51.2465,22.5684
2019-07-09 00:00:00,24.71,Lublin,51.2465,22.5684
2019-07-09 02:00:00,20.77,Lublin,51.2465,22.5684
2019-07-09 04:00:00,16.96,Lublin,51.2465,22.5684
2019-07-09 06:00:00,14.81,Lublin,51.2465,22.5684
2019-07-09 08:00:00,13.38,Lublin,51.2465,22.5684
2019-07-09 10:00:00,12.88,Lublin,51.2465,22.5684
2019-07-09 12:00:00,15.25,Lublin,51.2465,22.5684
2019-07-09 14:00:00,16.62,Lublin,51.2465,22.5684
2019-07-09 16:00:00,20.16,Lublin,51.2465,22.5684
2019-07-09 18:00:00,23.47,Lublin,51.2465,22.5684
2019-07-09 20:00:00,23.77,Lublin,51.2465,22.5684
2019-07-09 22:00:00,23.47,Lublin,51.2465,22.5684
2019-07-10 00:00:00,22.19,Lublin,51.2465,22.5684
2019-07-10 02:00:00,19.3,Lublin,51.2465,22.5684
2019-07-10 04:00:00,15.99,Lublin,51.2465,22.5684
2019-07-10 06:00:00,13.15,Lublin,51.2465,22.5684
2019-07-10 08:00:00,11.23,Lublin,51.2465,22.5684
2019-07-10 10:00:00,12.0,Lublin,51.2465,22.5684
2019-07-10 12:00:00,12.77,Lublin,51.2465,22.5684
2019-07-10 14:00:00,14.88,Lublin,51.2465,22.5684
2019-07-10 16:00:00,18.8,Lublin,51.2465,22.5684
2019-07-10 18:00:00,21.04,Lublin,51.2465,22.5684
2019-07-10 20:00:00,23.33,Lublin,51.2465,22.5684
2019-07-10 22:00:00,22.55,Lublin,51.2465,22.5684
2019-07-11 00:00:00,22.0,Lublin,51.2465,22.5684
2019-07-11 02:00:00,17.97,Lublin,51.2465,22.5684
2019-07-11 04:00:00,14.55,Lublin,51.2465,22.5684
2019-07-11 06:00:00,13.43,Lublin,51.2465,22.5684
2019-07-11 08:00:00,10.99,Lublin,51.2465,22.5684
2019-07-11 10:00:00,11.05,Lublin,51.2465,22.5684
2019-07-11 12:00:00,11.81,Lublin,51.2465,22.5684
2019-07-11 14:00:00,16.69,Lublin,51.2465,22.5684
2019-07-11 16:00:00,18.34,Lublin,51.2465,22.5684
2019-07-11 18:00:00,20.49,Lublin,51.2465,22.5684
2019-07-11 20:00:00,23.91,Lublin,51.2465,22.5684
2019-07-11 22:00:00,22.3,Lublin,51.2465,22.5684
2019-07-12 00:00:00,21.3,Lublin,51.2465,22.5684
2019-07-12 02:00:00,20.6,Lublin,51.2465,22.5684
2019-07-12 04:00:00,15.71,Lublin,51.2465,22.5684
2019-07-12 06:00:00,12.98,Lublin,51.2465,22.5684
2019-07-12 08:00:00,12.17,Lublin,51.2465,22.5684
2019-07-12 10:00:00,11.71,Lublin,51.2465,22.5684
2019-07-12 12:00:00,13.08,Lublin,51.2465,22.5684
2019-07-12 14:00:00,15.62,Lublin,51.2465,22.5684
2019-07-12 16:00:00,18.78,Lublin,51.2465,22.5684
2019-07-12 18:00:00,22.04,Lublin,51.2465,22.5684
2019-07-12 20:00:00,21.65,Lublin,51.2465,22.5684
2019-07-12 22:00:00,22.92,Lublin,51.2465,22.5684
2019-07-13 00:00:00,21.44,Lublin,51.2465,22.5684
2019-07-13 02:00:00,18.23,Lublin,51.2465,22.5684
2019-07-13 04:00:00,14.67,Lublin,51.2465,22.5684
2019-07-13 06:00:00,12.63,Lublin,51.2465,22.5684
2019-07-13 08:00:00,9.92,Lublin,51.2465,22.5684
2019-07-13 10:00:00,10.99,Lublin,51.2465,22.5684
2019-07-13 12:00:00,11.88,Lublin,51.2465,22.5684
2019-07-13 14:00:00,15.91,Lublin,51.2465,22.5684
2019-07-13 16:00:00,17.89,Lublin,51.2465,22.5684
2019-07-13 18:00:00,22.41,Lublin,51.2465,22.5684
2019-07-13 20:00:00,24.89,Lublin,51.2465,22.5684
2019-07-13 22:00:00,24.77,Lublin,51.2465,22.5684
2019-07-14 00:00:00,22.72,Lublin,51.2465,22.5684
2019-07-14 02:00:00,19.22,Lublin,51.2465,22.5684
2019-07-14 04:00:00,15.9,Lublin,51.2465,22.5684
2019-07-14 06:00:00,12.22,Lublin,51.2465,22.5684
2019-07-14 08:00:00,12.43,Lublin,51.2465,22.5684
2019-07-14 10:00:00,12.1,Lublin,51.2465,22.5684
2019-07-14 12:00:00,14.27,Lublin,51.2465,22.5684
2019-07-14 14:00:00,17.91,Lublin,51.2465,22.5684
2019-07-14 16:00:00,20.11,Lublin,51.2465,22.5684
2019-07-14 18:00:00,23.87,Lublin,51.2465,22.5684
2019-07-14 20:00:00,24.76,Lublin,51.2465,22.5684
2019-07-14 22:00:00,24.85,Lublin,51.2465,22.5684
2019-07-15 00:00:00,24.26,Lublin,51.2465,22.5684
2019-07-15 02:00:00,19.71,Lublin,51.2465,22.5684
2019-07-15 04:00:00,17.36,Lublin,51.2465,22.5684
2019-07-15 06:00:00,15.07,Lublin,51.2465,22.5684
2019-07-15 08:00:00,12.5,Lublin,51.2465,22.5684
2019-07-15 10:00:00,11.56,Lublin,51.2465,22.5684
2019-07-15 12:00:00,13.89,Lublin,51.2465,22.5684
2019-07-15 14:00:00,,Lublin,51.2465,22.5684
2019-07-15 16:00:00,21.38,Lublin,51.2465,22.5684
2019-07-15 18:00:00,24.34,Lublin,51.2465,22.5684
2019-07-15 20:00:00,24.92,Lublin,51.2465,22.5684
2019-07-15 22:00:00,26.2,Lublin,51.2465,22.5684
2019-07-16 00:00:00,23.27,Lublin,51.2465,22.5684
2019-07-16 02:00:00,21.99,Lublin,51.2465,22.5684
2019-07-16 04:00:00,18.07,Lublin,51.2465,22.5684
2019-07-16 06:00:00,15.35,Lublin,51.2465,22.5684
2019-07-16 08:00:00,13.14,Lublin,51.2465,22.5684
2019-07-16 10:00:00,12.74,Lublin,51.2465,22.5684
2019-07-16 12:00:00,15.28,Lublin,51.2465,22.5684
2019-07-16 14:00:00,16.13,Lublin,51.2465,22.5684
2019-07-16 16:00:00,20.23,Lublin,51.2465,22.5684
2019-07-16 18:00:00,22.0,Lublin,51.2465,22.5684
2019-07-16 20:00:00,22.54,Lublin,51.2465,22.5684
2019-07-16 22:00:00,23.64,Lublin,51.2465,22.5684
2019-07-17 00:00:00,20.55,Lublin,51.2465,22.5684
2019-07-17 02:00:00,17.75,Lublin,51.2465,22.5684
2019-07-17 04:00:00,15.87,Lublin,51.2465,22.5684
2019-07-17 06:00:00,12.8,Lublin,51.2465,22.5684
2019-07-17 08:00:00,10.94,Lublin,51.2465,22.5684
2019-07-17 10:00:00,10.05,Lublin,51.2465,22.5684
2019-07-17 12:00:00,12.6,Lublin,51.2465,22.5684
2019-07-17 14:00:00,16.34,Lublin,51.2465,22.5684
2019-07-17 16:00:00,18.91,Lublin,51.2465,22.5684
2019-07-17 18:00:00,21.63,Lublin,51.2465,22.5684
2019-07-17 20:00:00,24.01,Lublin,51.2465,22.5684
2019-07-17 22:00:00,23.25,Lublin,51.2465,22.5684
2019-07-18 00:00:00,21.92,Lublin,51.2465,22.5684
2019-07-18 02:00:00,19.38,Lublin,51.2465,22.5684
2019-07-18 04:00:00,16.97,Lublin,51.2465,22.5684
2019-07-18 06:00:00,12.38,Lublin,51.2465,22.5684
2019-07-18 08:00:00,12.29,Lublin,51.2465,22.5684
2019-07-18 10:00:00,12.51,Lublin,51.2465,22.5684
2019-07-18 12:00:00,13.02,Lublin,51.2465,22.5684
2019-07-18 14:00:00,15.75,Lublin,51.2465,22.5684
2019-07-18 16:00:00,18.27,Lublin,51.2465,22.5684
2019-07-18 18:00:00,22.64,Lublin,51.2465,22.5684
2019-07-18 20:00:00,,Lublin,51.2465,22.5684
2019-07-18 22:00:00,22.23,Lublin,51.2465,22.5684
2019-07-19 00:00:00,21.59,Lublin,51.2465,22.5684
2019-07-19 02:00:00,18.57,Lublin,51.2465,22.5684
2019-07-19 04:00:00,15.7,Lublin,51.2465,22.5684
2019-07-19 06:00:00,12.48,Lublin,51.2465,22.5684
2019-07-19 08:00:00,10.51,Lublin,51.2465,22.5684
2019-07-19 10:00:00,11.28,Lublin,51.2465,22.5684
2019-07-19 12:00:00,13.34,Lublin,51.2465,22.5684
2019-07-19 14:00:00,16.94,Lublin,51.2465,22.5684
2019-07-19 16:00:00,19.86,Lublin,51.2465,22.5684
2019-07-19 18:00:00,22.33,Lublin,51.2465,22.5684
2019-07-19 20:00:00,24.32,Lublin,51.2465,22.5684
2019-07-19 22:00:00,24.05,Lublin,51.2465,22.5684
2019-07-20 00:00:00,21.85,Lublin,51.2465,22.5684
2019-07-20 02:00:00,19.16,Lublin,51.2465,22.5684
2019-07-20 04:00:00,17.31,Lublin,51.2465,22.5684
2019-07-20 06:00:00,13.84,Lublin,51.2465,22.5684
2019-07-20 08:00:00,13.33,Lublin,51.2465,22.5684
2019-07-20 10:00:00,11.51,Lublin,51.2465,22.5684
2019-07-20 12:00:00,13.2,Lublin,51.2465,22.5684
2019-07-20 14:00:00,16.92,Lublin,51.2465,22.5684
2019-07-20 16:00:00,18.69,Lublin,51.2465,22.5684
2019-07-20 18:00:00,22.81,Lublin,51.2465,22.5684
2019-07-20 20:00:00,24.03,Lublin,51.2465,22.5684
2019-07-20 22:00:00,23.06,Lublin,51.2465,22.5684
2019-07-21 00:00:00,21.58,Lublin,51.2465,22.5684
2019-07-21 02:00:00,18.04,Lublin,51.2465,22.5684
2019-07-21 04:00:00,16.85,Lublin,51.2465,22.5684
2019-07-21 06:00:00,12.79,Lublin,51.2465,22.5684
2019-07-21 08:00:00,10.96,Lublin,51.2465,22.5684
2019-07-21 10:00:00,10.51,Lublin,51.2465,22.5684
2019-07-21 12:00:00,11.71,Lublin,51.2465,22.5684
2019-07-21 14:00:00,15.61,Lublin,51.2465,22.5684
2019-07-21 16:00:00,18.52,Lublin,51.2465,22.5684
2019-07-21 18:00:00,21.4,Lublin,51.2465,22.5684
2019-07-21 20:00:00,24.14,Lublin,51.2465,22.5684
2019-07-21 22:00:00,24.14,Lublin,51.2465,22.5684
2019-07-22 00:00:00,20.77,Lublin,51.2465,22.5684
2019-07-22 02:00:00,18.87,Lublin,51.2465,22.5684
2019-07-22 04:00:00,15.89,Lublin,51.2465,22.5684
2019-07-22 06:00:00,12.62,Lublin,51.2465,22.5684
2019-07-22 08:00:00,11.72,Lublin,51.2465,22.5684
2019-07-22 10:00:00,12.93,Lublin,51.2465,22.5684
2019-07-22 12:00:00,14.96,Lublin,51.2465,22.5684
2019-07-22 14:00:00,15.34,Lublin,51.2465,22.5684
2019-07-22 16:00:00,19.06,Lublin,51.2465,22.5684
2019-07-22 18:00:00,21.7,Lublin,51.2465,22.5684
2019-07-22 20:00:00,22.29,Lublin,51.2465,22.5684
2019-07-22 22:00:00,23.92,Lublin,51.2465,22.5684
2019-07-23 00:00:00,20.06,Lublin,51.2465,22.5684
2019-07-23 02:00:00,19.13,Lublin,51.2465,22.5684
2019-07-23 04:00:00,15.81,Lublin,51.2465,22.5684
2019-07-23 06:00:00,12.72,Lublin,51.2465,22.5684
2019-07-23 08:00:00,11.33,Lublin,51.2465,22.5684
2019-07-23 10:00:00,11.51,Lublin,51.2465,22.5684
2019-07-23 12:00:00,12.03,Lublin,51.2465,22.5684
2019-07-23 14:00:00,15.26,Lublin,51.2465,22.5684
2019-07-23 16:00:00,18.79,Lublin,51.2465,22.5684
2019-07-23 18:00:00,20.64,Lublin,51.2465,22.5684
2019-07-23 20:00:00,22.21,Lublin,51.2465,22.5684
2019-07-23 22:00:00,23.02,Lublin,51.2465,22.5684
2019-07-24 00:00:00,20.81,Lublin,51.2465,22.5684
2019-07-24 02:00:00,17.87,Lublin,51.2465,22.5684
2019-07-24 04:00:00,13.51,Lublin,51.2465,22.5684
2019-07-24 06:00:00,10.58,Lublin,51.2465,22.5684
2019-07-24 08:00:00,10.64,Lublin,51.2465,22.5684
2019-07-24 10:00:00,10.07,Lublin,51.2465,22.5684
2019-07-24 12:00:00,11.47,Lublin,51.2465,22.5684
2019-07-24 14:00:00,14.66,Lublin,51.2465,22.5684
2019-07-24 16:00:00,18.47,Lublin,51.2465,22.5684
2019-07-24 18:00:00,21.18,Lublin,51.2465,22.5684
2019-07-24 20:00:00,21.9,Lublin,51.2465,22.5684
2019-07-24 22:00:00,23.06,Lublin,51.2465,22.5684
2019-07-25 00:00:00,22.41,Lublin,51.2465,22.5684
2019-07-25 02:00:00,19.92,Lublin,51.2465,22.5684
2019-07-25 04:00:00,,Lublin,51.2465,22.5684
2019-07-25 06:00:00,12.68,Lublin,51.2465,22.5684
2019-07-25 08:00:00,11.12,Lublin,51.2465,22.5684
2019-07-25 10:00:00,12.5,Lublin,51.2465,22.5684
2019-07-25 12:00:00,13.72,Lublin,51.2465,22.5684
2019-07-25 14:00:00,18.19,Lublin,51.2465,22.5684
2019-07-25 16:00:00,20.44,Lublin,51.2465,22.5684
2019-07-25 18:00:00,22.89,Lublin,51.2465,22.5684
2019-07-25 20:00:00,25.19,Lublin,51.2465,22.5684
2019-07-25 22:00:00,26.12,Lublin,51.2465,22.5684
2019-07-26 00:00:00,25.19,Lublin,51.2465,22.5684
2019-07-26 02:00:00,22.01,Lublin,51.2465,22.5684
2019-07-26 04:00:00,17.79,Lublin,51.2465,22.5684
2019-07-26 06:00:00,14.79,Lublin,51.2465,22.5684
2019-07-26 08:00:00,12.98,Lublin,51.2465,22.5684
2019-07-26 10:00:00,12.12,Lublin,51.2465,22.5684
2019-07-26 12:00:00,14.27,Lublin,51.2465,22.5684
2019-07-26 14:00:00,17.19,Lublin,51.2465,22.5684
2019-07-26 16:00:00,18.0,Lublin,51.2465,22.5684
2019-07-26 18:00:00,21.86,Lublin,51.2465,22.5684
2019-07-26 20:00:00,24.66,Lublin,51.2465,22.5684
2019-07-26 22:00:00,23.04,Lublin,51.2465,22.5684
2019-07-27 00:00:00,22.34,Lublin,51.2465,22.5684
2019-07-27 02:00:00,20.0,Lublin,51.2465,22.5684
2019-07-27 04:00:00,16.97,Lublin,51.2465,22.5684
2019-07-27 06:00:00,14.93,Lublin,51.2465,22.5684
2019-07-27 08:00:00,13.28,Lublin,51.2465,22.5684
2019-07-27 10:00:00,11.92,Lublin,51.2465,22.5684
2019-07-27 12:00:00,13.26,Lublin,51.2465,22.5684
2019-07-27 14:00:00,15.81,Lublin,51.2465,22.5684
2019-07-27 16:00:00,20.34,Lublin,51.2465,22.5684
2019-07-27 18:00:00,22.06,Lublin,51.2465,22.5684
2019-07-27 20:00:00,24.07,Lublin,51.2465,22.5684
2019-07-27 22:00:00,22.83,Lublin,51.2465,22.5684
2019-07-28 00:00:00,22.19,Lublin,51.2465,22.5684
2019-07-28 02:00:00,19.75,Lublin,51.2465,22.5684
2019-07-28 04:00:00,16.97,Lublin,51.2465,22.5684
2019-07-28 06:00:00,14.79,Lublin,51.2465,22.5684
2019-07-28 08:00:00,12.32,Lublin,51.2465,22.5684
2019-07-28 10:00:00,12.67,Lublin,51.2465,22.5684
2019-07-28 12:00:00,14.96,Lublin,51.2465,22.5684
2019-07-28 14:00:00,17.37,Lublin,51.2465,22.5684
2019-07-28 16:00:00,19.06,Lublin,51.2465,22.5684
2019-07-28 18:00:00,22.99,Lublin,51.2465,22.5684
2019-07-28 20:00:00,24.94,Lublin,51.2465,22.5684
2019-07-28 22:00:00,24.39,Lublin,51.2465,22.5684
2019-07-29 00:00:00,23.75,Lublin,51.2465,22.5684
2019-07-29 02:00:00,21.22,Lublin,51.2465,22.5684
2019-07-29 04:00:00,17.96,Lublin,51.2465,22.5684
2019-07-29 06:00:00,16.03,Lublin,51.2465,22.5684
2019-07-29 08:00:00,15.25,Lublin,51.2465,22.5684
2019-07-29 10:00:00,14.2,Lublin,51.2465,22.5684
2019-07-29 12:00:00,16.79,Lublin,51.2465,22.5684
2019-07-29 14:00:00,18.31,Lublin,51.2465,22.5684
2019-07-29 16:00:00,21.25,Lublin,51.2465,22.5684
2019-07-29 18:00:00,24.19,Lublin,51.2465,22.5684
2019-07-29 20:00:00,25.42,Lublin,51.2465,22.5684
2019-07-29 22:00:00,24.15,Lublin,51.2465,22.5684
2019-07-30 00:00:00,23.92,Lublin,51.2465,22.5684
2019-07-30 02:00:00,21.63,Lublin,51.2465,22.5684
2019-07-30 04:00:00,19.26,Lublin,51.2465,22.5684
2019-07-30 06:00:00,16.58,Lublin,51.2465,22.5684
2019-07-30 08:00:00,14.09,Lublin,51.2465,22.5684
2019-07-30 10:00:00,14.47,Lublin,51.2465,22.5684
2019-07-30 12:00:00,14.5,Lublin,51.2465,22.5684
2019-07-30 14:00:00,16.49,Lublin,51.2465,22.5684
2019-07-30 16:00:00,21.87,Lublin,51.2465,22.5684
2019-07-30 18:00:00,24.15,Lublin,51.2465,22.5684
2019-07-30 20:00:00,26.03,Lublin,51.2465,22.5684
2019-07-30 22:00:00,27.17,Lublin,51.2465,22.5684
2019-07-31 00:00:00,24.81,Lublin,51.2465,22.5684
2019-07-31 02:00:00,21.58,Lublin,51.2465,22.5684
2019-07-31 04:00:00,18.24,Lublin,51.2465,22.5684
2019-07-31 06:00:00,14.35,Lublin,51.2465,22.5684
2019-07-31 08:00:00,14.23,Lublin,51.2465,22.5684
2019-07-31 10:00:00,13.93,Lublin,51.2465,22.5684
2019-07-31 12:00:00,16.33,Lublin,51.2465,22.5684
2019-07-31 14:00:00,17.65,Lublin,51.2465,22.5684
2019-07-31 16:00:00,20.07,Lublin,51.2465,22.5684
2019-07-31 18:00:00,22.78,Lublin,51.2465,22.5684
2019-07-31 20:00:00,24.69,Lublin,51.2465,22.5684
2019-07-31 22:00:00,25.43,Lublin,51.2465,22.5684
2020-07-01 00:00:00,25.02,Lublin,51.2465,22.5684
2020-07-01 02:00:00,21.7,Lublin,51.2465,22.5684
2020-07-01 04:00:00,18.54,Lublin,51.2465,22.5684
2020-07-01 06:00:00,15.42,Lublin,51.2465,22.5684
2020-07-01 08:00:00,14.79,Lublin,51.2465,22.5684
2020-07-01 10:00:00,16.78,Lublin,51.2465,22.5684
2020-07-01 12:00:00,16.88,Lublin,51.2465,22.5684
2020-07-01 14:00:00,21.26,Lublin,51.2465,22.5684
2020-07-01 16:00:00,25.56,Lublin,51.2465,22.5684
2020-07-01 18:00:00,27.9,Lublin,51.2465,22.5684
2020-07-01 20:00:00,28.64,Lublin,51.2465,22.5684
2020-07-01 22:00:00,27.53,Lublin,51.2465,22.5684
2020-07-02 00:00:00,26.83,Lublin,51.2465,22.5684
2020-07-02 02:00:00,24.31,Lublin,51.2465,22.5684
2020-07-02 04:00:00,20.73,Lublin,51.2465,22.5684
2020-07-02 06:00:00,17.73,Lublin,51.2465,22.5684
2020-07-02 08:00:00,17.08,Lublin,51.2465,22.5684
2020-07-02 10:00:00,16.74,Lublin,51.2465,22.5684
2020-07-02 12:00:00,18.7,Lublin,51.2465,22.5684
2020-07-02 14:00:00,19.51,Lublin,51.2465,22.5684
2020-07-02 16:00:00,22.51,Lublin,51.2465,22.5684
2020-07-02 18:00:00,25.12,Lublin,51.2465,22.5684
2020-07-02 20:00:00,27.12,Lublin,51.2465,22.5684
2020-07-02 22:00:00,27.9,Lublin,51.2465,22.5684
2020-07-03 00:00:00,25.83,Lublin,51.2465,22.5684
2020-07-03 02:00:00,24.21,Lublin,51.2465,22.5684
2020-07-03 04:00:00,20.78,Lublin,51.2465,22.5684
2020-07-03 06:00:00,18.93,Lublin,51.2465,22.5684
2020-07-03 08:00:00,16.89,Lublin,51.2465,22.5684
2020-07-03 10:00:00,15.59,Lublin,51.2465,22.5684
2020-07-03 12:00:00,16.72,Lublin,51.2465,22.5684
2020-07-03 14:00:00,18.3,Lublin,51.2465,22.5684
2020-07-03 16:00:00,22.04,Lublin,51.2465,22.5684
2020-07-03 18:00:00,23.95,Lublin,51.2465,22.5684
2020-07-03 20:00:00,26.15,Lublin,51.2465,22.5684
2020-07-03 22:00:00,26.81,Lublin,51.2465,22.5684
2020-07-04 00:00:00,24.72,Lublin,51.2465,22.5684
2020-07-04 02:00:00,,Lublin,51.2465,22.5684
2020-07-04 04:00:00,18.74,Lublin,51.2465,22.5684
2020-07-04 06:00:00,15.79,Lublin,51.2465,22.5684
2020-07-04 08:00:00,14.72,Lublin,51.2465,22.5684
2020-07-04 10:00:00,14.65,Lublin,51.2465,22.5684
2020-07-04 12:00:00,15.48,Lublin,51.2465,22.5684
2020-07-04 14:00:00,19.2,Lublin,51.2465,22.5684
2020-07-04 16:00:00,22.86,Lublin,51.2465,22.5684
2020-07-04 18:00:00,24.42,Lublin,51.2465,22.5684
2020-07-04 20:00:00,25.35,Lublin,51.2465,22.5684
2020-07-04 22:00:00,24.58,Lublin,51.2465,22.5684
2020-07-05 00:00:00,24.63,Lublin,51.2465,22.5684
2020-07-05 02:00:00,20.37,Lublin,51.2465,22.5684
2020-07-05 04:00:00,19.15,Lublin,51.2465,22.5684
2020-07-05 06:00:00,16.75,Lublin,51.2465,22.5684
2020-07-05 08:00:00,15.96,Lublin,51.2465,22.5684
2020-07-05 10:00:00,15.39,Lublin,51.2465,22.5684
2020-07-05 12:00:00,17.53,Lublin,51.2465,22.5684
2020-07-05 14:00:00,19.17,Lublin,51.2465,22.5684
2020-07-05 16:00:00,22.39,Lublin,51.2465,22.5684
2020-07-05 18:00:00,23.09,Lublin,51.2465,22.5684
2020-07-05 20:00:00,25.22,Lublin,51.2465,22.5684
2020-07-05 22:00:00,24.83,Lublin,51.2465,22.5684
2020-07-06 00:00:00,23.94,Lublin,51.2465,22.5684
2020-07-06 02:00:00,20.85,Lublin,51.2465,22.5684
2020-07-06 04:00:00,19.16,Lublin,51.2465,22.5684
2020-07-06 06:00:00,14.86,Lublin,51.2465,22.5684
2020-07-06 08:00:00,13.77,Lublin,51.2465,22.5684
2020-07-06 10:00:00,14.42,Lublin,51.2465,22.5684
2020-07-06 12:00:00,15.3,Lublin,51.2465,22.5684
2020-07-06 14:00:00,17.88,Lublin,51.2465,22.5684
2020-07-06 16:00:00,22.62,Lublin,51.2465,22.5684
2020-07-06 18:00:00,23.83,Lublin,51.2465,22.5684
2020-07-06 20:00:00,24.32,Lublin,51.2465,22.5684
2020-07-06 22:00:00,24.56,Lublin,51.2465,22.5684
2020-07-07 00:00:00,23.79,Lublin,51.2465,22.5684
2020-07-07 02:00:00,20.93,Lublin,51.2465,22.5684
2020-07-07 04:00:00,17.78,Lublin,51.2465,22.5684
2020-07-07 06:00:00,15.22,Lublin,51.2465,22.5684
2020-07-07 08:00:00,14.52,Lublin,51.2465,22.5684
2020-07-07 10:00:00,14.52,Lublin,51.2465,22.5684
2020-07-07 12:00:00,14.82,Lublin,51.2465,22.5684
2020-07-07 14:00:00,18.51,Lublin,51.2465,22.5684
2020-07-07 16:00:00,21.15,Lublin,51.2465,22.5684
2020-07-07 18:00:00,23.9,Lublin,51.2465,22.5684
2020-07-07 20:00:00,24.13,Lublin,51.2465,22.5684
2020-07-07 22:00:00,23.89,Lublin,51.2465,22.5684
2020-07-08 00:00:00,22.32,Lublin,51.2465,22.5684
2020-07-08 02:00:00,18.09,Lublin,51.2465,22.5684
2020-07-08 04:00:00,19.34,Lublin,51.2465,22.5684
2020-07-08 06:00:00,14.5,Lublin,51.2465,22.5684
2020-07-08 08:00:00,14.79,Lublin,51.2465,22.5684
2020-07-08 10:00:00,15.39,Lublin,51.2465,22.5684
2020-07-08 12:00:00,17.77,Lublin,51.2465,22.5684
2020-07-08 14:00:00,20.65,Lublin,51.2465,22.5684
2020-07-08 16:00:00,23.52,Lublin,51.2465,22.5684
2020-07-08 18:00:00,26.96,Lublin,51.2465,22.5684
2020-07-08 20:00:00,28.07,Lublin,51.2465,22.5684
2020-07-08 22:00:00,27.95,Lublin,51.2465,22.5684
2020-07-09 00:00:00,27.49,Lublin,51.2465,22.5684
2020-07-09 02:00:00,23.46,Lublin,51.2465,22.5684
2020-07-09 04:00:00,22.65,Lublin,51.2465,22.5684
2020-07-09 06:00:00,17.96,Lublin,51.2465,22.5684
2020-07-09 08:00:00,16.87,Lublin,51.2465,22.5684
2020-07-09 10:00:00,16.49,Lublin,51.2465,22.5684
2020-07-09 12:00:00,17.95,Lublin,51.2465,22.5684
2020-07-09 14:00:00,19.54,Lublin,51.2465,22.5684
2020-07-09 16:00:00,21.36,Lublin,51.2465,22.5684
2020-07-09 18:00:00,25.79,Lublin,51.2465,22.5684
2020-07-09 20:00:00,25.67,Lublin,51.2465,22.5684
2020-07-09 22:00:00,26.24,Lublin,51.2465,22.5684
2020-07-10 00:00:00,25.64,Lublin,51.2465,22.5684
2020-07-10 02:00:00,22.24,Lublin,51.2465,22.5684
2020-07-10 04:00:00,19.21,Lublin,51.2465,22.5684
2020-07-10 06:00:00,17.0,Lublin,51.2465,22.5684
2020-07-10 08:00:00,15.43,Lublin,51.2465,22.5684
2020-07-10 10:00:00,14.72,Lublin,51.2465,22.5684
2020-07-10 12:00:00,16.65,Lublin,51.2465,22.5684
2020-07-10 14:00:00,19.81,Lublin,51.2465,22.5684
2020-07-10 16:00:00,22.68,Lublin,51.2465,22.5684
2020-07-10 18:00:00,23.61,Lublin,51.2465,22.5684
2020-07-10 20:00:00,26.56,Lublin,51.2465,22.5684
2020-07-10 22:00:00,25.32,Lublin,51.2465,22.5684
2020-07-11 00:00:00,24.79,Lublin,51.2465,22.5684
2020-07-11 02:00:00,22.02,Lublin,51.2465,22.5684
2020-07-11 04:00:00,19.12,Lublin,51.2465,22.5684
2020-07-11 06:00:00,16.51,Lublin,51.2465,22.5684
2020-07-11 08:00:00,14.05,Lublin,51.2465,22.5684
2020-07-11 10:00:00,13.94,Lublin,51.2465,22.5684
2020-07-11 12:00:00,17.02,Lublin,51.2465,22.5684
2020-07-11 14:00:00,19.34,Lublin,51.2465,22.5684
2020-07-11 16:00:00,22.6,Lublin,51.2465,22.5684
2020-07-11 18:00:00,,Lublin,51.2465,22.5684
2020-07-11 20:00:00,27.28,Lublin,51.2465,22.5684
2020-07-11 22:00:00,27.65,Lublin,51.2465,22.5684
2020-07-12 00:00:00,25.98,Lublin,51.2465,22.5684
2020-07-12 02:00:00,22.59,Lublin,51.2465,22.5684
2020-07-12 04:00:00,18.49,Lublin,51.2465,22.5684
2020-07-12 06:00:00,16.92,Lublin,51.2465,22.5684
2020-07-12 08:00:00,14.94,Lublin,51.2465,22.5684
2020-07-12 10:00:00,14.93,Lublin,51.2465,22.5684
2020-07-12 12:00:00,14.68,Lublin,51.2465,22.5684
2020-07-12 14:00:00,19.21,Lublin,51.2465,22.5684
2020-07-12 16:00:00,23.03,Lublin,51.2465,22.5684
2020-07-12 18:00:00,24.19,Lublin,51.2465,22.5684
2020-07-12 20:00:00,26.82,Lublin,51.2465,22.5684
2020-07-12 22:00:00,26.87,Lublin,51.2465,22.5684
2020-07-13 00:00:00,26.07,Lublin,51.2465,22.5684
2020-07-13 02:00:00,23.52,Lublin,51.2465,22.5684
2020-07-13 04:00:00,18.97,Lublin,51.2465,22.5684
2020-07-13 06:00:00,17.42,Lublin,51.2465,22.5684
2020-07-13 08:00:00,13.99,Lublin,51.2465,22.5684
2020-07-13 10:00:00,14.31,Lublin,51.2465,22.5684
2020-07-13 12:00:00,15.7,Lublin,51.2465,22.5684
2020-07-13 14:00:00,18.87,Lublin,51.2465,22.5684
2020-07-13 16:00:00,21.75,Lublin,51.2465,22.5684
2020-07-13 18:00:00,25.79,Lublin,51.2465,22.5684
2020-07-13 20:00:00,27.0,Lublin,51.2465,22.5684
2020-07-13 22:00:00,27.74,Lublin,51.2465,22.5684
2020-07-14 00:00:00,26.73,Lublin,51.2465,22.5684
2020-07-14 02:00:00,24.54,Lublin,51.2465,22.5684
2020-07-14 04:00:00,21.01,Lublin,51.2465,22.5684
2020-07-14 06:00:00,16.78,Lublin,51.2465,22.5684
2020-07-14 08:00:00,15.66,Lublin,51.2465,22.5684
2020-07-14 10:00:00,15.28,Lublin,51.2465,22.5684
2020-07-14 12:00:00,17.73,Lublin,51.2465,22.5684
2020-07-14 14:00:00,21.41,Lublin,51.2465,22.5684
2020-07-14 16:00:00,23.95,Lublin,51.2465,22.5684
2020-07-14 18:00:00,26.36,Lublin,51.2465,22.5684
2020-07-14 20:00:00,26.8,Lublin,51.2465,22.5684
2020-07-14 22:00:00,27.18,Lublin,51.2465,22.5684
2020-07-15 00:00:00,23.75,Lublin,51.2465,22.5684
2020-07-15 02:00:00,21.44,Lublin,51.2465,22.5684
2020-07-15 04:00:00,18.11,Lublin,51.2465,22.5684
2020-07-15 06:00:00,16.14,Lublin,51.2465,22.5684
2020-07-15 08:00:00,15.13,Lublin,51.2465,22.5684
2020-07-15 10:00:00,13.68,Lublin,51.2465,22.5684
2020-07-15 12:00:00,16.92,Lublin,51.2465,22.5684
2020-07-15 14:00:00,18.73,Lublin,51.2465,22.5684
2020-07-15 16:00:00,21.72,Lublin,51.2465,22.5684
2020-07-15 18:00:00,23.89,Lublin,51.2465,22.5684
2020-07-15 20:00:00,25.56,Lublin,51.2465,22.5684
2020-07-15 22:00:00,25.03,Lublin,51.2465,22.5684
2020-07-16 00:00:00,24.92,Lublin,51.2465,22.5684
2020-07-16 02:00:00,19.73,Lublin,51.2465,22.5684
2020-07-16 04:00:00,16.56,Lublin,51.2465,22.5684
2020-07-16 06:00:00,13.78,Lublin,51.2465,22.5684
2020-07-16 08:00:00,12.76,Lublin,51.2465,22.5684
2020-07-16 10:00:00,10.73,Lublin,51.2465,22.5684
2020-07-16 12:00:00,12.44,Lublin,51.2465,22.5684
2020-07-16 14:00:00,14.79,Lublin,51.2465,22.5684
2020-07-16 16:00:00,19.1,Lublin,51.2465,22.5684
2020-07-16 18:00:00,21.48,Lublin,51.2465,22.5684
2020-07-16 20:00:00,23.81,Lublin,51.2465,22.5684
2020-07-16 22:00:00,23.64,Lublin,51.2465,22.5684
2020-07-17 00:00:00,23.3,Lublin,51.2465,22.5684
2020-07-17 02:00:00,20.62,Lublin,51.2465,22.5684
2020-07-17 04:00:00,17.91,Lublin,51.2465,22.5684
2020-07-17 06:00:00,16.43,Lublin,51.2465,22.5684
2020-07-17 08:00:00,15.1,Lublin,51.2465,22.5684
2020-07-17 10:00:00,14.92,Lublin,51.2465,22.5684
2020-07-17 12:00:00,16.21,Lublin,51.2465,22.5684
2020-07-17 14:00:00,18.41,Lublin,51.2465,22.5684
2020-07-17 16:00:00,22.1,Lublin,51.2465,22.5684
2020-07-17 18:00:00,22.85,Lublin,51.2465,22.5684
2020-07-17 20:00:00,25.06,Lublin,51.2465,22.5684
2020-07-17 22:00:00,25.36,Lublin,51.2465,22.5684
2020-07-18 00:00:00,23.06,Lublin,51.2465,22.5684
2020-07-18 02:00:00,19.53,Lublin,51.2465,22.5684
2020-07-18 04:00:00,17.14,Lublin,51.2465,22.5684
2020-07-18 06:00:00,13.93,Lublin,51.2465,22.5684
2020-07-18 08:00:00,11.23,Lublin,51.2465,22.5684
2020-07-18 10:00:00,12.7,Lublin,51.2465,22.5684
2020-07-18 12:00:00,15.17,Lublin,51.2465,22.5684
2020-07-18 14:00:00,15.72,Lublin,51.2465,22.5684
2020-07-18 16:00:00,21.2,Lublin,51.2465,22.5684
2020-07-18 18:00:00,23.69,Lublin,51.2465,22.5684
2020-07-18 20:00:00,25.27,Lublin,51.2465,22.5684
2020-07-18 22:00:00,25.82,Lublin,51.2465,22.5684
2020-07-19 00:00:00,23.59,Lublin,51.2465,22.5684
2020-07-19 02:00:00,18.82,Lublin,51.2465,22.5684
2020-07-19 04:00:00,16.1,Lublin,51.2465,22.5684
2020-07-19 06:00:00,14.08,Lublin,51.2465,22.5684
2020-07-19 08:00:00,11.09,Lublin,51.2465,22.5684
2020-07-19 10:00:00,10.38,Lublin,51.2465,22.5684
2020-07-19 12:00:00,11.24,Lublin,51.2465,22.5684
2020-07-19 14:00:00,15.95,Lublin,51.2465,22.5684
2020-07-19 16:00:00,20.01,Lublin,51.2465,22.5684
2020-07-19 18:00:00,22.7,Lublin,51.2465,22.5684
2020-07-19 20:00:00,23.71,Lublin,51.2465,22.5684
2020-07-19 22:00:00,24.37,Lublin,51.2465,22.5684
2020-07-20 00:00:00,21.91,Lublin,51.2465,22.5684
2020-07-20 02:00:00,20.18,Lublin,51.2465,22.5684
2020-07-20 04:00:00,17.39,Lublin,51.2465,22.5684
2020-07-20 06:00:00,14.33,Lublin,51.2465,22.5684
2020-07-20 08:00:00,12.56,Lublin,51.2465,22.5684
2020-07-20 10:00:00,12.45,Lublin,51.2465,22.5684
2020-07-20 12:00:00,13.16,Lublin,51.2465,22.5684
2020-07-20 14:00:00,18.27,Lublin,51.2465,22.5684
2020-07-20 16:00:00,19.92,Lublin,51.2465,22.5684
2020-07-20 18:00:00,22.34,Lublin,51.2465,22.5684
2020-07-20 20:00:00,23.4,Lublin,51.2465,22.5684
2020-07-20 22:00:00,23.32,Lublin,51.2465,22.5684
2020-07-21 00:00:00,22.19,Lublin,51.2465,22.5684
2020-07-21 02:00:00,19.79,Lublin,51.2465,22.5684
2020-07-21 04:00:00,17.62,Lublin,51.2465,22.5684
2020-07-21 06:00:00,13.32,Lublin,51.2465,22.5684
2020-07-21 08:00:00,11.95,Lublin,51.2465,22.5684
2020-07-21 10:00:00,12.19,Lublin,51.2465,22.5684
2020-07-21 12:00:00,13.0,Lublin,51.2465,22.5684
2020-07-21 14:00:00,15.28,Lublin,51.2465,22.5684
2020-07-21 16:00:00,19.19,Lublin,51.2465,22.5684
2020-07-21 18:00:00,22.09,Lublin,51.2465,22.5684
2020-07-21 20:00:00,23.84,Lublin,51.2465,22.5684
2020-07-21 22:00:00,23.77,Lublin,51.2465,22.5684
2020-07-22 00:00:00,21.42,Lublin,51.2465,22.5684
2020-07-22 02:00:00,19.98,Lublin,51.2465,22.5684
2020-07-22 04:00:00,16.16,Lublin,51.2465,22.5684
2020-07-22 06:00:00,14.45,Lublin,51.2465,22.5684
2020-07-22 08:00:00,12.06,Lublin,51.2465,22.5684
2020-07-22 10:00:00,10.58,Lublin,51.2465,22.5684
2020-07-22 12:00:00,12.75,Lublin,51.2465,22.5684
2020-07-22 14:00:00,16.81,Lublin,51.2465,22.5684
2020-07-22 16:00:00,19.31,Lublin,51.2465,22.5684
2020-07-22 18:00:00,23.01,Lublin,51.2465,22.5684
2020-07-22 20:00:00,23.96,Lublin,51.2465,22.5684
2020-07-22 22:00:00,24.06,Lublin,51.2465,22.5684
2020-07-23 00:00:00,22.1,Lublin,51.2465,22.5684
2020-07-23 02:00:00,18.83,Lublin,51.2465,22.5684
2020-07-23 04:00:00,15.81,Lublin,51.2465,22.5684
2020-07-23 06:00:00,14.12,Lublin,51.2465,22.5684
2020-07-23 08:00:00,12.24,Lublin,51.2465,22.5684
2020-07-23 10:00:00,13.14,Lublin,51.2465,22.5684
2020-07-23 12:00:00,13.21,Lublin,51.2465,22.5684
2020-07-23 14:00:00,16.17,Lublin,51.2465,22.5684
2020-07-23 16:00:00,20.28,Lublin,51.2465,22.5684
2020-07-23 18:00:00,22.96,Lublin,51.2465,22.5684
2020-07-23 20:00:00,25.44,Lublin,51.2465,22.5684
2020-07-23 22:00:00,26.24,Lublin,51.2465,22.5684
2020-07-24 00:00:00,23.35,Lublin,51.2465,22.5684
2020-07-24 02:00:00,20.61,Lublin,51.2465,22.5684
2020-07-24 04:00:00,18.69,Lublin,51.2465,22.5684
2020-07-24 06:00:00,15.36,Lublin,51.2465,22.5684
2020-07-24 08:00:00,12.57,Lublin,51.2465,22.5684
2020-07-24 10:00:00,13.0,Lublin,51.2465,22.5684
2020-07-24 12:00:00,14.7,Lublin,51.2465,22.5684
2020-07-24 14:00:00,16.32,Lublin,51.2465,22.5684
2020-07-24 16:00:00,19.5,Lublin,51.2465,22.5684
2020-07-24 18:00:00,23.2,Lublin,51.2465,22.5684
2020-07-24 20:00:00,25.24,Lublin,51.2465,22.5684
2020-07-24 22:00:00,25.61,Lublin,51.2465,22.5684
2020-07-25 00:00:00,23.51,Lublin,51.2465,22.5684
2020-07-25 02:00:00,20.7,Lublin,51.2465,22.5684
2020-07-25 04:00:00,17.81,Lublin,51.2465,22.5684
2020-07-25 06:00:00,14.17,Lublin,51.2465,22.5684
2020-07-25 08:00:00,14.1,Lublin,51.2465,22.5684
2020-07-25 10:00:00,12.68,Lublin,51.2465,22.5684
2020-07-25 12:00:00,13.22,Lublin,51.2465,22.5684
2020-07-25 14:00:00,16.66,Lublin,51.2465,22.5684
2020-07-25 16:00:00,19.25,Lublin,51.2465,22.5684
2020-07-25 18:00:00,22.57,Lublin,51.2465,22.5684
2020-07-25 20:00:00,23.88,Lublin,51.2465,22.5684
2020-07-25 22:00:00,23.31,Lublin,51.2465,22.5684
2020-07-26 00:00:00,22.09,Lublin,51.2465,22.5684
2020-07-26 02:00:00,18.77,Lublin,51.2465,22.5684
2020-07-26 04:00:00,16.93,Lublin,51.2465,22.5684
2020-07-26 06:00:00,13.86,Lublin,51.2465,22.5684
2020-07-26 08:00:00,13.54,Lublin,51.2465,22.5684
2020-07-26 10:00:00,12.25,Lublin,51.2465,22.5684
2020-07-26 12:00:00,14.35,Lublin,51.2465,22.5684
2020-07-26 14:00:00,16.42,Lublin,51.2465,22.5684
2020-07-26 16:00:00,20.08,Lublin,51.2465,22.5684
2020-07-26 18:00:00,23.55,Lublin,51.2465,22.5684
2020-07-26 20:00:00,22.57,Lublin,51.2465,22.5684
2020-07-26 22:00:00,23.69,Lublin,51.2465,22.5684
2020-07-27 00:00:00,22.45,Lublin,51.2465,22.5684
2020-07-27 02:00:00,19.72,Lublin,51.2465,22.5684
2020-07-27 04:00:00,16.63,Lublin,51.2465,22.5684
2020-07-27 06:00:00,15.06,Lublin,51.2465,22.5684
2020-07-27 08:00:00,12.23,Lublin,51.2465,22.5684
2020-07-27 10:00:00,13.39,Lublin,51.2465,22.5684
2020-07-27 12:00:00,15.69,Lublin,51.2465,22.5684
2020-07-27 14:00:00,18.66,Lublin,51.2465,22.5684
2020-07-27 16:00:00,21.33,Lublin,51.2465,22.5684
2020-07-27 18:00:00,25.42,Lublin,51.2465,22.5684
2020-07-27 20:00:00,25.55,Lublin,51.2465,22.5684
2020-07-27 22:00:00,25.03,Lublin,51.2465,22.5684
2020-07-28 00:00:00,23.57,Lublin,51.2465,22.5684
2020-07-28 02:00:00,21.64,Lublin,51.2465,22.5684
2020-07-28 04:00:00,19.34,Lublin,51.2465,22.5684
2020-07-28 06:00:00,15.95,Lublin,51.2465,22.5684
2020-07-28 08:00:00,16.23,Lublin,51.2465,22.5684
2020-07-28 10:00:00,15.36,Lublin,51.2465,22.5684
2020-07-28 12:00:00,15.87,Lublin,51.2465,22.5684
2020-07-28 14:00:00,19.08,Lublin,51.2465,22.5684
2020-07-28 16:00:00,21.55,Lublin,51.2465,22.5684
2020-07-28 18:00:00,24.57,Lublin,51.2465,22.5684
2020-07-28 20:00:00,25.0,Lublin,51.2465,22.5684
2020-07-28 22:00:00,24.27,Lublin,51.2465,22.5684
2020-07-29 00:00:00,24.02,Lublin,51.2465,22.5684
2020-07-29 02:00:00,20.85,Lublin,51.2465,22.5684
2020-07-29 04:00:00,17.31,Lublin,51.2465,22.5684
2020-07-29 06:00:00,15.01,Lublin,51.2465,22.5684
2020-07-29 08:00:00,12.98,Lublin,51.2465,22.5684
2020-07-29 10:00:00,13.85,Lublin,51.2465,22.5684
2020-07-29 12:00:00,15.83,Lublin,51.2465,22.5684
2020-07-29 14:00:00,19.38,Lublin,51.2465,22.5684
2020-07-29 16:00:00,21.52,Lublin,51.2465,22.5684
2020-07-29 18:00:00,24.24,Lublin,51.2465,22.5684
2020-07-29 20:00:00,27.47,Lublin,51.2465,22.5684
2020-07-29 22:00:00,25.46,Lublin,51.2465,22.5684
2020-07-30 00:00:00,,Lublin,51.2465,22.5684
2020-07-30 02:00:00,22.0,Lublin,51.2465,22.5684
2020-07-30 04:00:00,18.64,Lublin,51.2465,22.5684
2020-07-30 06:00:00,16.52,Lublin,51.2465,22.5684
2020-07-30 08:00:00,14.36,Lublin,51.2465,22.5684
2020-07-30 10:00:00,13.63,Lublin,51.2465,22.5684
2020-07-30 12:00:00,15.65,Lublin,51.2465,22.5684
2020-07-30 14:00:00,19.17,Lublin,51.2465,22.5684
2020-07-30 16:00:00,21.51,Lublin,51.2465,22.5684
2020-07-30 18:00:00,23.4,Lublin,51.2465,22.5684
2020-07-30 20:00:00,24.29,Lublin,51.2465,22.5684
2020-07-30 22:00:00,24.76,Lublin,51.2465,22.5684
2020-07-31 00:00:00,23.79,Lublin,51.2465,22.5684
2020-07-31 02:00:00,22.07,Lublin,51.2465,22.5684
2020-07-31 04:00:00,18.97,Lublin,51.2465,22.5684
2020-07-31 06:00:00,14.65,Lublin,51.2465,22.5684
2020-07-31 08:00:00,14.46,Lublin,51.2465,22.5684
2020-07-31 10:00:00,13.19,Lublin,51.2465,22.5684
2020-07-31 12:00:00,15.3,Lublin,51.2465,22.5684
2020-07-31 14:00:00,17.54,Lublin,51.2465,22.5684
2020-07-31 16:00:00,22.35,Lublin,51.2465,22.5684
2020-07-31 18:00:00,24.18,Lublin,51.2465,22.5684
2020-07-31 20:00:00,26.21,Lublin,51.2465,22.5684
2020-07-31 22:00:00,24.95,Lublin,51.2465,22.5684
2021-07-01 00:00:00,23.73,Lublin,51.2465,22.5684
2021-07-01 02:00:00,21.15,Lublin,51.2465,22.5684
2021-07-01 04:00:00,17.9,Lublin,51.2465,22.5684
2021-07-01 06:00:00,14.88,Lublin,51.2465,22.5684
2021-07-01 08:00:00,13.33,Lublin,51.2465,22.5684
2021-07-01 10:00:00,12.61,Lublin,51.2465,22.5684
2021-07-01 12:00:00,14.34,Lublin,51.2465,22.5684
2021-07-01 14:00:00,18.8,Lublin,51.2465,22.5684
2021-07-01 16:00:00,21.89,Lublin,51.2465,22.5684
2021-07-01 18:00:00,25.08,Lublin,51.2465,22.5684
2021-07-01 20:00:00,24.96,Lublin,51.2465,22.5684
2021-07-01 22:00:00,25.19,Lublin,51.2465,22.5684
2021-07-02 00:00:00,24.07,Lublin,51.2465,22.5684
2021-07-02 02:00:00,20.89,Lublin,51.2465,22.5684
2021-07-02 04:00:00,18.44,Lublin,51.2465,22.5684
2021-07-02 06:00:00,14.73,Lublin,51.2465,22.5684
2021-07-02 08:00:00,13.86,Lublin,51.2465,22.5684
2021-07-02 10:00:00,13.55,Lublin,51.2465,22.5684
2021-07-02 12:00:00,15.18,Lublin,51.2465,22.5684
2021-07-02 14:00:00,18.55,Lublin,51.2465,22.5684
2021-07-02 16:00:00,22.07,Lublin,51.2465,22.5684
2021-07-02 18:00:00,24.52,Lublin,51.2465,22.5684
2021-07-02 20:00:00,25.16,Lublin,51.2465,22.5684
2021-07-02 22:00:00,26.09,Lublin,51.2465,22.5684
2021-07-03 00:00:00,24.26,Lublin,51.2465,22.5684
2021-07-03 02:00:00,21.89,Lublin,51.2465,22.5684
2021-07-03 04:00:00,18.33,Lublin,51.2465,22.5684
2021-07-03 06:00:00,16.34,Lublin,51.2465,22.5684
2021-07-03 08:00:00,14.14,Lublin,51.2465,22.5684
2021-07-03 10:00:00,14.21,Lublin,51.2465,22.5684
2021-07-03 12:00:00,16.08,Lublin,51.2465,22.5684
2021-07-03 14:00:00,17.63,Lublin,51.2465,22.5684
2021-07-03 16:00:00,20.73,Lublin,51.2465,22.5684
2021-07-03 18:00:00,23.87,Lublin,51.2465,22.5684
2021-07-03 20:00:00,25.47,Lublin,51.2465,22.5684
2021-07-03 22:00:00,24.69,Lublin,51.2465,22.5684
2021-07-04 00:00:00,23.89,Lublin,51.2465,22.5684
2021-07-04 02:00:00,21.33,Lublin,51.2465,22.5684
2021-07-04 04:00:00,18.74,Lublin,51.2465,22.5684
2021-07-04 06:00:00,16.62,Lublin,51.2465,22.5684
2021-07-04 08:00:00,13.69,Lublin,51.2465,22.5684
2021-07-04 10:00:00,14.77,Lublin,51.2465,22.5684
2021-07-04 12:00:00,17.15,Lublin,51.2465,22.5684
2021-07-04 14:00:00,19.37,Lublin,51.2465,22.5684
2021-07-04 16:00:00,22.99,Lublin,51.2465,22.5684
2021-07-04 18:00:00,24.37,Lublin,51.2465,22.5684
2021-07-04 20:00:00,27.27,Lublin,51.2465,22.5684
2021-07-04 22:00:00,27.02,Lublin,51.2465,22.5684
2021-07-05 00:00:00,25.11,Lublin,51.2465,22.5684
2021-07-05 02:00:00,23.51,Lublin,51.2465,22.5684
2021-07-05 04:00:00,19.0,Lublin,51.2465,22.5684
2021-07-05 06:00:00,16.63,Lublin,51.2465,22.5684
2021-07-05 08:00:00,15.15,Lublin,51.2465,22.5684
2021-07-05 10:00:00,14.0,Lublin,51.2465,22.5684
2021-07-05 12:00:00,14.57,Lublin,51.2465,22.5684
2021-07-05 14:00:00,18.79,Lublin,51.2465,22.5684
2021-07-05 16:00:00,22.6,Lublin,51.2465,22.5684
2021-07-05 18:00:00,23.68,Lublin,51.2465,22.5684
2021-07-05 20:00:00,27.07,Lublin,51.2465,22.5684
2021-07-05 22:00:00,27.34,Lublin,51.2465,22.5684
2021-07-06 00:00:00,25.15,Lublin,51.2465,22.5684
2021-07-06 02:00:00,21.9,Lublin,51.2465,22.5684
2021-07-06 04:00:00,18.09,Lublin,51.2465,22.5684
2021-07-06 06:00:00,15.13,Lublin,51.2465,22.5684
2021-07-06 08:00:00,13.79,Lublin,51.2465,22.5684
2021-07-06 10:00:00,12.83,Lublin,51.2465,22.5684
2021-07-06 12:00:00,15.08,Lublin,51.2465,22.5684
2021-07-06 14:00:00,17.95,Lublin,51.2465,22.5684
2021-07-06 16:00:00,22.0,Lublin,51.2465,22.5684
2021-07-06 18:00:00,22.53,Lublin,51.2465,22.5684
2021-07-06 20:00:00,23.51,Lublin,51.2465,22.5684
2021-07-06 22:00:00,23.86,Lublin,51.2465,22.5684
2021-07-07 00:00:00,22.9,Lublin,51.2465,22.5684
2021-07-07 02:00:00,21.39,Lublin,51.2465,22.5684
2021-07-07 04:00:00,16.58,Lublin,51.2465,22.5684
2021-07-07 06:00:00,14.19,Lublin,51.2465,22.5684
2021-07-07 08:00:00,12.58,Lublin,51.2465,22.5684
2021-07-07 10:00:00,13.49,Lublin,51.2465,22.5684
2021-07-07 12:00:00,13.28,Lublin,51.2465,22.5684
2021-07-07 14:00:00,17.85,Lublin,51.2465,22.5684
2021-07-07 16:00:00,19.89,Lublin,51.2465,22.5684
2021-07-07 18:00:00,22.79,Lublin,51.2465,22.5684
2021-07-07 20:00:00,25.81,Lublin,51.2465,22.5684
2021-07-07 22:00:00,25.94,Lublin,51.2465,22.5684
2021-07-08 00:00:00,23.43,Lublin,51.2465,22.5684
2021-07-08 02:00:00,21.93,Lublin,51.2465,22.5684
2021-07-08 04:00:00,18.56,Lublin,51.2465,22.5684
2021-07-08 06:00:00,15.21,Lublin,51.2465,22.5684
2021-07-08 08:00:00,14.1,Lublin,51.2465,22.5684
2021-07-08 10:00:00,14.0,Lublin,51.2465,22.5684
2021-07-08 12:00:00,15.37,Lublin,51.2465,22.5684
2021-07-08 14:00:00,18.82,Lublin,51.2465,22.5684
2021-07-08 16:00:00,21.14,Lublin,51.2465,22.5684
2021-07-08 18:00:00,23.98,Lublin,51.2465,22.5684
2021-07-08 20:00:00,24.69,Lublin,51.2465,22.5684
2021-07-08 22:00:00,25.37,Lublin,51.2465,22.5684
2021-07-09 00:00:00,23.58,Lublin,51.2465,22.5684
2021-07-09 02:00:00,22.24,Lublin,51.2465,22.5684
2021-07-09 04:00:00,18.69,Lublin,51.2465,22.5684
2021-07-09 06:00:00,14.07,Lublin,51.2465,22.5684
2021-07-09 08:00:00,14.56,Lublin,51.2465,22.5684
2021-07-09 10:00:00,16.29,Lublin,51.2465,22.5684
2021-07-09 12:00:00,17.3,Lublin,51.2465,22.5684
2021-07-09 14:00:00,20.58,Lublin,51.2465,22.5684
2021-07-09 16:00:00,23.89,Lublin,51.2465,22.5684
2021-07-09 18:00:00,26.37,Lublin,51.2465,22.5684
2021-07-09 20:00:00,26.13,Lublin,51.2465,22.5684
2021-07-09 22:00:00,29.88,Lublin,51.2465,22.5684
2021-07-10 00:00:00,27.11,Lublin,51.2465,22.5684
2021-07-10 02:00:00,24.3,Lublin,51.2465,22.5684
2021-07-10 04:00:00,21.64,Lublin,51.2465,22.5684
2021-07-10 06:00:00,20.07,Lublin,51.2465,22.5684
2021-07-10 08:00:00,17.64,Lublin,51.2465,22.5684
2021-07-10 10:00:00,17.55,Lublin,51.2465,22.5684
2021-07-10 12:00:00,19.35,Lublin,51.2465,22.5684
2021-07-10 14:00:00,21.42,Lublin,51.2465,22.5684
2021-07-10 16:00:00,23.7,Lublin,51.2465,22.5684
2021-07-10 18:00:00,28.08,Lublin,51.2465,22.5684
2021-07-10 20:00:00,29.37,Lublin,51.2465,22.5684
2021-07-10 22:00:00,28.9,Lublin,51.2465,22.5684
2021-07-11 00:00:00,28.46,Lublin,51.2465,22.5684
2021-07-11 02:00:00,25.53,Lublin,51.2465,22.5684
2021-07-11 04:00:00,22.4,Lublin,51.2465,22.5684
2021-07-11 06:00:00,20.5,Lublin,51.2465,22.5684
2021-07-11 08:00:00,17.65,Lublin,51.2465,22.5684
2021-07-11 10:00:00,16.98,Lublin,51.2465,22.5684
2021-07-11 12:00:00,19.91,Lublin,51.2465,22.5684
2021-07-11 14:00:00,21.61,Lublin,51.2465,22.5684
2021-07-11 16:00:00,24.44,Lublin,51.2465,22.5684
2021-07-11 18:00:00,28.53,Lublin,51.2465,22.5684
2021-07-11 20:00:00,29.94,Lublin,51.2465,22.5684
2021-07-11 22:00:00,30.07,Lublin,51.2465,22.5684
2021-07-12 00:00:00,29.33,Lublin,51.2465,22.5684
2021-07-12 02:00:00,24.98,Lublin,51.2465,22.5684
2021-07-12 04:00:00,21.44,Lublin,51.2465,22.5684
2021-07-12 06:00:00,18.92,Lublin,51.2465,22.5684
2021-07-12 08:00:00,17.88,Lublin,51.2465,22.5684
2021-07-12 10:00:00,17.04,Lublin,51.2465,22.5684
2021-07-12 12:00:00,18.45,Lublin,51.2465,22.5684
2021-07-12 14:00:00,21.79,Lublin,51.2465,22.5684
2021-07-12 16:00:00,24.46,Lublin,51.2465,22.5684
2021-07-12 18:00:00,27.11,Lublin,51.2465,22.5684
2021-07-12 20:00:00,28.64,Lublin,51.2465,22.5684
2021-07-12 22:00:00,27.17,Lublin,51.2465,22.5684
2021-07-13 00:00:00,25.71,Lublin,51.2465,22.5684
2021-07-13 02:00:00,24.0,Lublin,51.2465,22.5684
2021-07-13 04:00:00,20.53,Lublin,51.2465,22.5684
2021-07-13 06:00:00,18.64,Lublin,51.2465,22.5684
2021-07-13 08:00:00,16.97,Lublin,51.2465,22.5684
2021-07-13 10:00:00,17.78,Lublin,51.2465,22.5684
2021-07-13 12:00:00,17.78,Lublin,51.2465,22.5684
2021-07-13 14:00:00,21.01,Lublin,51.2465,22.5684
2021-07-13 16:00:00,23.26,Lublin,51.2465,22.5684
2021-07-13 18:00:00,26.47,Lublin,51.2465,22.5684
2021-07-13 20:00:00,27.84,Lublin,51.2465,22.5684
2021-07-13 22:00:00,27.88,Lublin,51.2465,22.5684
2021-07-14 00:00:00,25.32,Lublin,51.2465,22.5684
2021-07-14 02:00:00,21.21,Lublin,51.2465,22.5684
2021-07-14 04:00:00,18.82,Lublin,51.2465,22.5684
2021-07-14 06:00:00,14.82,Lublin,51.2465,22.5684
2021-07-14 08:00:00,13.38,Lublin,51.2465,22.5684
2021-07-14 10:00:00,13.86,Lublin,51.2465,22.5684
2021-07-14 12:00:00,14.64,Lublin,51.2465,22.5684
2021-07-14 14:00:00,18.35,Lublin,51.2465,22.5684
2021-07-14 16:00:00,19.59,Lublin,51.2465,22.5684
2021-07-14 18:00:00,23.54,Lublin,51.2465,22.5684
2021-07-14 20:00:00,26.14,Lublin,51.2465,22.5684
2021-07-14 22:00:00,25.0,Lublin,51.2465,22.5684
2021-07-15 00:00:00,24.34,Lublin,51.2465,22.5684
2021-07-15 02:00:00,22.07,Lublin,51.2465,22.5684
2021-07-15 04:00:00,17.03,Lublin,51.2465,22.5684
2021-07-15 06:00:00,15.22,Lublin,51.2465,22.5684
2021-07-15 08:00:00,13.04,Lublin,51.2465,22.5684
2021-07-15 10:00:00,12.9,Lublin,51.2465,22.5684
2021-07-15 12:00:00,13.82,Lublin,51.2465,22.5684
2021-07-15 14:00:00,17.78,Lublin,51.2465,22.5684
2021-07-15 16:00:00,19.97,Lublin,51.2465,22.5684
2021-07-15 18:00:00,21.69,Lublin,51.2465,22.5684
2021-07-15 20:00:00,24.98,Lublin,51.2465,22.5684
2021-07-15 22:00:00,23.88,Lublin,51.2465,22.5684
2021-07-16 00:00:00,21.18,Lublin,51.2465,22.5684
2021-07-16 02:00:00,20.4,Lublin,51.2465,22.5684
2021-07-16 04:00:00,16.86,Lublin,51.2465,22.5684
2021-07-16 06:00:00,12.6,Lublin,51.2465,22.5684
2021-07-16 08:00:00,12.05,Lublin,51.2465,22.5684
2021-07-16 10:00:00,12.21,Lublin,51.2465,22.5684
2021-07-16 12:00:00,13.5,Lublin,51.2465,22.5684
2021-07-16 14:00:00,15.96,Lublin,51.2465,22.5684
2021-07-16 16:00:00,19.49,Lublin,51.2465,22.5684
2021-07-16 18:00:00,22.36,Lublin,51.2465,22.5684
2021-07-16 20:00:00,25.4,Lublin,51.2465,22.5684
2021-07-16 22:00:00,25.42,Lublin,51.2465,22.5684
2021-07-17 00:00:00,22.83,Lublin,51.2465,22.5684
2021-07-17 02:00:00,19.9,Lublin,51.2465,22.5684
2021-07-17 04:00:00,16.03,Lublin,51.2465,22.5684
2021-07-17 06:00:00,13.33,Lublin,51.2465,22.5684
2021-07-17 08:00:00,12.25,Lublin,51.2465,22.5684
2021-07-17 10:00:00,10.43,Lublin,51.2465,22.5684
2021-07-17 12:00:00,11.81,Lublin,51.2465,22.5684
2021-07-17 14:00:00,15.34,Lublin,51.2465,22.5684
2021-07-17 16:00:00,18.41,Lublin,51.2465,22.5684
2021-07-17 18:00:00,20.05,Lublin,51.2465,22.5684
2021-07-17 20:00:00,22.32,Lublin,51.2465,22.5684
2021-07-17 22:00:00,22.99,Lublin,51.2465,22.5684
2021-07-18 00:00:00,22.12,Lublin,51.2465,22.5684
2021-07-18 02:00:00,20.16,Lublin,51.2465,22.5684
2021-07-18 04:00:00,16.64,Lublin,51.2465,22.5684
2021-07-18 06:00:00,13.16,Lublin,51.2465,22.5684
2021-07-18 08:00:00,13.22,Lublin,51.2465,22.5684
2021-07-18 10:00:00,12.62,Lublin,51.2465,22.5684
2021-07-18 12:00:00,15.7,Lublin,51.2465,22.5684
2021-07-18 14:00:00,17.03,Lublin,51.2465,22.5684
2021-07-18 16:00:00,20.39,Lublin,51.2465,22.5684
2021-07-18 18:00:00,22.07,Lublin,51.2465,22.5684
2021-07-18 20:00:00,,Lublin,51.2465,22.5684
2021-07-18 22:00:00,26.11,Lublin,51.2465,22.5684
2021-07-19 00:00:00,24.06,Lublin,51.2465,22.5684
2021-07-19 02:00:00,21.5,Lublin,51.2465,22.5684
2021-07-19 04:00:00,18.8,Lublin,51.2465,22.5684
2021-07-19 06:00:00,15.86,Lublin,51.2465,22.5684
2021-07-19 08:00:00,13.6,Lublin,51.2465,22.5684
2021-07-19 10:00:00,12.84,Lublin,51.2465,22.5684
2021-07-19 12:00:00,16.1,Lublin,51.2465,22.5684
2021-07-19 14:00:00,18.98,Lublin,51.2465,22.5684
2021-07-19 16:00:00,19.97,Lublin,51.2465,22.5684
2021-07-19 18:00:00,24.55,Lublin,51.2465,22.5684
2021-07-19 20:00:00,25.22,Lublin,51.2465,22.5684
2021-07-19 22:00:00,25.45,Lublin,51.2465,22.5684
2021-07-20 00:00:00,24.18,Lublin,51.2465,22.5684
2021-07-20 02:00:00,22.31,Lublin,51.2465,22.5684
2021-07-20 04:00:00,17.97,Lublin,51.2465,22.5684
2021-07-20 06:00:00,15.9,Lublin,51.2465,22.5684
2021-07-20 08:00:00,14.77,Lublin,51.2465,22.5684
2021-07-20 10:00:00,15.49,Lublin,51.2465,22.5684
2021-07-20 12:00:00,16.54,Lublin,51.2465,22.5684
2021-07-20 14:00:00,17.95,Lublin,51.2465,22.5684
2021-07-20 16:00:00,21.48,Lublin,51.2465,22.5684
2021-07-20 18:00:00,24.13,Lublin,51.2465,22.5684
2021-07-20 20:00:00,25.15,Lublin,51.2465,22.5684
2021-07-20 22:00:00,26.06,Lublin,51.2465,22.5684
2021-07-21 00:00:00,23.4,Lublin,51.2465,22.5684
2021-07-21 02:00:00,20.11,Lublin,51.2465,22.5684
2021-07-21 04:00:00,16.69,Lublin,51.2465,22.5684
2021-07-21 06:00:00,13.48,Lublin,51.2465,22.5684
2021-07-21 08:00:00,12.04,Lublin,51.2465,22.5684
2021-07-21 10:00:00,11.55,Lublin,51.2465,22.5684
2021-07-21 12:00:00,12.81,Lublin,51.2465,22.5684
2021-07-21 14:00:00,16.37,Lublin,51.2465,22.5684
2021-07-21 16:00:00,18.76,Lublin,51.2465,22.5684
2021-07-21 18:00:00,20.74,Lublin,51.2465,22.5684
2021-07-21 20:00:00,22.12,Lublin,51.2465,22.5684
2021-07-21 22:00:00,22.16,Lublin,51.2465,22.5684
2021-07-22 00:00:00,20.44,Lublin,51.2465,22.5684
2021-07-22 02:00:00,16.88,Lublin,51.2465,22.5684
2021-07-22 04:00:00,13.84,Lublin,51.2465,22.5684
2021-07-22 06:00:00,11.9,Lublin,51.2465,22.5684
2021-07-22 08:00:00,10.93,Lublin,51.2465,22.5684
2021-07-22 10:00:00,12.37,Lublin,51.2465,22.5684
2021-07-22 12:00:00,,Lublin,51.2465,22.5684
2021-07-22 14:00:00,15.32,Lublin,51.2465,22.5684
2021-07-22 16:00:00,19.76,Lublin,51.2465,22.5684
2021-07-22 18:00:00,23.84,Lublin,51.2465,22.5684
2021-07-22 20:00:00,24.5,Lublin,51.2465,22.5684
2021-07-22 22:00:00,24.03,Lublin,51.2465,22.5684
2021-07-23 00:00:00,23.3,Lublin,51.2465,22.5684
2021-07-23 02:00:00,20.28,Lublin,51.2465,22.5684
2021-07-23 04:00:00,17.26,Lublin,51.2465,22.5684
2021-07-23 06:00:00,13.65,Lublin,51.2465,22.5684
2021-07-23 08:00:00,12.39,Lublin,51.2465,22.5684
2021-07-23 10:00:00,12.14,Lublin,51.2465,22.5684
2021-07-23 12:00:00,14.27,Lublin,51.2465,22.5684
2021-07-23 14:00:00,16.51,Lublin,51.2465,22.5684
2021-07-23 16:00:00,19.47,Lublin,51.2465,22.5684
2021-07-23 18:00:00,22.67,Lublin,51.2465,22.5684
2021-07-23 20:00:00,24.45,Lublin,51.2465,22.5684
2021-07-23 22:00:00,24.95,Lublin,51.2465,22.5684
2021-07-24 00:00:00,23.53,Lublin,51.2465,22.5684
2021-07-24 02:00:00,20.91,Lublin,51.2465,22.5684
2021-07-24 04:00:00,16.84,Lublin,51.2465,22.5684
2021-07-24 06:00:00,14.99,Lublin,51.2465,22.5684
2021-07-24 08:00:00,13.36,Lublin,51.2465,22.5684
2021-07-24 10:00:00,13.51,Lublin,51.2465,22.5684
2021-07-24 12:00:00,13.98,Lublin,51.2465,22.5684
2021-07-24 14:00:00,16.44,Lublin,51.2465,22.5684
2021-07-24 16:00:00,19.71,Lublin,51.2465,22.5684
2021-07-24 18:00:00,22.46,Lublin,51.2465,22.5684
2021-07-24 20:00:00,24.82,Lublin,51.2465,22.5684
2021-07-24 22:00:00,22.78,Lublin,51.2465,22.5684
2021-07-25 00:00:00,,Lublin,51.2465,22.5684
2021-07-25 02:00:00,19.82,Lublin,51.2465,22.5684
2021-07-25 04:00:00,15.85,Lublin,51.2465,22.5684
2021-07-25 06:00:00,13.12,Lublin,51.2465,22.5684
2021-07-25 08:00:00,11.27,Lublin,51.2465,22.5684
2021-07-25 10:00:00,10.64,Lublin,51.2465,22.5684
2021-07-25 12:00:00,11.88,Lublin,51.2465,22.5684
2021-07-25 14:00:00,13.55,Lublin,51.2465,22.5684
2021-07-25 16:00:00,17.35,Lublin,51.2465,22.5684
2021-07-25 18:00:00,20.41,Lublin,51.2465,22.5684
2021-07-25 20:00:00,22.23,Lublin,51.2465,22.5684
2021-07-25 22:00:00,21.87,Lublin,51.2465,22.5684
2021-07-26 00:00:00,21.0,Lublin,51.2465,22.5684
2021-07-26 02:00:00,16.86,Lublin,51.2465,22.5684
2021-07-26 04:00:00,14.24,Lublin,51.2465,22.5684
2021-07-26 06:00:00,12.06,Lublin,51.2465,22.5684
2021-07-26 08:00:00,11.83,Lublin,51.2465,22.5684
2021-07-26 10:00:00,10.04,Lublin,51.2465,22.5684
2021-07-26 12:00:00,12.47,Lublin,51.2465,22.5684
2021-07-26 14:00:00,13.86,Lublin,51.2465,22.5684
2021-07-26 16:00:00,16.69,Lublin,51.2465,22.5684
2021-07-26 18:00:00,21.68,Lublin,51.2465,22.5684
2021-07-26 20:00:00,20.48,Lublin,51.2465,22.5684
2021-07-26 22:00:00,20.44,Lublin,51.2465,22.5684
2021-07-27 00:00:00,19.85,Lublin,51.2465,22.5684
2021-07-27 02:00:00,17.0,Lublin,51.2465,22.5684
2021-07-27 04:00:00,13.45,Lublin,51.2465,22.5684
2021-07-27 06:00:00,10.42,Lublin,51.2465,22.5684
2021-07-27 08:00:00,8.49,Lublin,51.2465,22.5684
2021-07-27 10:00:00,10.16,Lublin,51.2465,22.5684
2021-07-27 12:00:00,10.54,Lublin,51.2465,22.5684
2021-07-27 14:00:00,13.37,Lublin,51.2465,22.5684
2021-07-27 16:00:00,16.0,Lublin,51.2465,22.5684
2021-07-27 18:00:00,19.23,Lublin,51.2465,22.5684
2021-07-27 20:00:00,20.52,Lublin,51.2465,22.5684
2021-07-27 22:00:00,21.12,Lublin,51.2465,22.5684
2021-07-28 00:00:00,19.56,Lublin,51.2465,22.5684
2021-07-28 02:00:00,17.03,Lublin,51.2465,22.5684
2021-07-28 04:00:00,14.12,Lublin,51.2465,22.5684
2021-07-28 06:00:00,10.36,Lublin,51.2465,22.5684
2021-07-28 08:00:00,9.78,Lublin,51.2465,22.5684
2021-07-28 10:00:00,9.55,Lublin,51.2465,22.5684
2021-07-28 12:00:00,11.09,Lublin,51.2465,22.5684
2021-07-28 14:00:00,13.65,Lublin,51.2465,22.5684
2021-07-28 16:00:00,18.47,Lublin,51.2465,22.5684
2021-07-28 18:00:00,21.16,Lublin,51.2465,22.5684
2021-07-28 20:00:00,21.92,Lublin,51.2465,22.5684
2021-07-28 22:00:00,22.76,Lublin,51.2465,22.5684
2021-07-29 00:00:00,21.27,Lublin,51.2465,22.5684
2021-07-29 02:00:00,18.24,Lublin,51.2465,22.5684
2021-07-29 04:00:00,15.59,Lublin,51.2465,22.5684
2021-07-29 06:00:00,13.42,Lublin,51.2465,22.5684
2021-07-29 08:00:00,12.75,Lublin,51.2465,22.5684
2021-07-29 10:00:00,12.02,Lublin,51.2465,22.5684
2021-07-29 12:00:00,14.55,Lublin,51.2465,22.5684
2021-07-29 14:00:00,17.31,Lublin,51.2465,22.5684
2021-07-29 16:00:00,21.39,Lublin,51.2465,22.5684
2021-07-29 18:00:00,24.15,Lublin,51.2465,22.5684
2021-07-29 20:00:00,26.18,Lublin,51.2465,22.5684
2021-07-29 22:00:00,24.76,Lublin,51.2465,22.5684
2021-07-30 00:00:00,23.57,Lublin,51.2465,22.5684
2021-07-30 02:00:00,22.73,Lublin,51.2465,22.5684
2021-07-30 04:00:00,17.54,Lublin,51.2465,22.5684
2021-07-30 06:00:00,14.24,Lublin,51.2465,22.5684
2021-07-30 08:00:00,14.34,Lublin,51.2465,22.5684
2021-07-30 10:00:00,14.35,Lublin,51.2465,22.5684
2021-07-30 12:00:00,17.64,Lublin,51.2465,22.5684
2021-07-30 14:00:00,20.48,Lublin,51.2465,22.5684
2021-07-30 16:00:00,24.13,Lublin,51.2465,22.5684
2021-07-30 18:00:00,26.39,Lublin,51.2465,22.5684
2021-07-30 20:00:00,27.99,Lublin,51.2465,22.5684
2021-07-30 22:00:00,27.99,Lublin,51.2465,22.5684
2021-07-31 00:00:00,25.53,Lublin,51.2465,22.5684
2021-07-31 02:00:00,24.03,Lublin,51.2465,22.5684
2021-07-31 04:00:00,19.77,Lublin,51.2465,22.5684
2021-07-31 06:00:00,18.08,Lublin,51.2465,22.5684
2021-07-31 08:00:00,16.46,Lublin,51.2465,22.5684
2021-07-31 10:00:00,16.34,Lublin,51.2465,22.5684
2021-07-31 12:00:00,17.42,Lublin,51.2465,22.5684
2021-07-31 14:00:00,19.11,Lublin,51.2465,22.5684
2021-07-31 16:00:00,23.11,Lublin,51.2465,22.5684
2021-07-31 18:00:00,25.79,Lublin,51.2465,22.5684
2021-07-31 20:00:00,27.35,Lublin,51.2465,22.5684
2021-07-31 22:00:00,26.9,Lublin,51.2465,22.5684
2022-07-01 00:00:00,23.06,Lublin,51.2465,22.5684
2022-07-01 02:00:00,20.78,Lublin,51.2465,22.5684
2022-07-01 04:00:00,17.38,Lublin,51.2465,22.5684
2022-07-01 06:00:00,15.7,Lublin,51.2465,22.5684
2022-07-01 08:00:00,13.18,Lublin,51.2465,22.5684
2022-07-01 10:00:00,12.1,Lublin,51.2465,22.5684
2022-07-01 12:00:00,14.59,Lublin,51.2465,22.5684
2022-07-01 14:00:00,15.8,Lublin,51.2465,22.5684
2022-07-01 16:00:00,19.86,Lublin,51.2465,22.5684
2022-07-01 18:00:00,21.9,Lublin,51.2465,22.5684
2022-07-01 20:00:00,21.82,Lublin,51.2465,22.5684
2022-07-01 22:00:00,22.65,Lublin,51.2465,22.5684
2022-07-02 00:00:00,22.1,Lublin,51.2465,22.5684
2022-07-02 02:00:00,18.78,Lublin,51.2465,22.5684
2022-07-02 04:00:00,16.9,Lublin,51.2465,22.5684
2022-07-02 06:00:00,12.62,Lublin,51.2465,22.5684
2022-07-02 08:00:00,12.62,Lublin,51.2465,22.5684
2022-07-02 10:00:00,13.12,Lublin,51.2465,22.5684
2022-07-02 12:00:00,14.18,Lublin,51.2465,22.5684
2022-07-02 14:00:00,17.97,Lublin,51.2465,22.5684
2022-07-02 16:00:00,20.08,Lublin,51.2465,22.5684
2022-07-02 18:00:00,22.04,Lublin,51.2465,22.5684
2022-07-02 20:00:00,23.3,Lublin,51.2465,22.5684
2022-07-02 22:00:00,24.64,Lublin,51.2465,22.5684
2022-07-03 00:00:00,23.08,Lublin,51.2465,22.5684
2022-07-03 02:00:00,20.0,Lublin,51.2465,22.5684
2022-07-03 04:00:00,17.41,Lublin,51.2465,22.5684
2022-07-03 06:00:00,15.26,Lublin,51.2465,22.5684
2022-07-03 08:00:00,13.18,Lublin,51.2465,22.5684
2022-07-03 10:00:00,13.5,Lublin,51.2465,22.5684
2022-07-03 12:00:00,16.41,Lublin,51.2465,22.5684
2022-07-03 14:00:00,18.57,Lublin,51.2465,22.5684
2022-07-03 16:00:00,21.89,Lublin,51.2465,22.5684
2022-07-03 18:00:00,24.07,Lublin,51.2465,22.5684
2022-07-03 20:00:00,25.84,Lublin,51.2465,22.5684
2022-07-03 22:00:00,26.08,Lublin,51.2465,22.5684
2022-07-04 00:00:00,25.09,Lublin,51.2465,22.5684
2022-07-04 02:00:00,22.04,Lublin,51.2465,22.5684
2022-07-04 04:00:00,19.57,Lublin,51.2465,22.5684
2022-07-04 06:00:00,15.9,Lublin,51.2465,22.5684
2022-07-04 08:00:00,14.96,Lublin,51.2465,22.5684
2022-07-04 10:00:00,14.46,Lublin,51.2465,22.5684
2022-07-04 12:00:00,16.37,Lublin,51.2465,22.5684
2022-07-04 14:00:00,19.36,Lublin,51.2465,22.5684
2022-07-04 16:00:00,22.56,Lublin,51.2465,22.5684
2022-07-04 18:00:00,25.04,Lublin,51.2465,22.5684
2022-07-04 20:00:00,25.0,Lublin,51.2465,22.5684
2022-07-04 22:00:00,24.41,Lublin,51.2465,22.5684
2022-07-05 00:00:00,24.21,Lublin,51.2465,22.5684
2022-07-05 02:00:00,21.27,Lublin,51.2465,22.5684
2022-07-05 04:00:00,19.74,Lublin,51.2465,22.5684
2022-07-05 06:00:00,15.96,Lublin,51.2465,22.5684
2022-07-05 08:00:00,13.72,Lublin,51.2465,22.5684
2022-07-05 10:00:00,14.06,Lublin,51.2465,22.5684
2022-07-05 12:00:00,15.13,Lublin,51.2465,22.5684
2022-07-05 14:00:00,,Lublin,51.2465,22.5684
2022-07-05 16:00:00,21.95,Lublin,51.2465,22.5684
2022-07-05 18:00:00,24.56,Lublin,51.2465,22.5684
2022-07-05 20:00:00,24.7,Lublin,51.2465,22.5684
2022-07-05 22:00:00,25.88,Lublin,51.2465,22.5684
2022-07-06 00:00:00,24.12,Lublin,51.2465,22.5684
2022-07-06 02:00:00,21.59,Lublin,51.2465,22.5684
2022-07-06 04:00:00,18.56,Lublin,51.2465,22.5684
2022-07-06 06:00:00,16.53,Lublin,51.2465,22.5684
2022-07-06 08:00:00,12.65,Lublin,51.2465,22.5684
2022-07-06 10:00:00,14.17,Lublin,51.2465,22.5684
2022-07-06 12:00:00,15.48,Lublin,51.2465,22.5684
2022-07-06 14:00:00,17.47,Lublin,51.2465,22.5684
2022-07-06 16:00:00,20.09,Lublin,51.2465,22.5684
2022-07-06 18:00:00,22.89,Lublin,51.2465,22.5684
2022-07-06 20:00:00,24.68,Lublin,51.2465,22.5684
2022-07-06 22:00:00,25.27,Lublin,51.2465,22.5684
2022-07-07 00:00:00,24.0,Lublin,51.2465,22.5684
2022-07-07 02:00:00,21.81,Lublin,51.2465,22.5684
2022-07-07 04:00:00,19.74,Lublin,51.2465,22.5684
2022-07-07 06:00:00,16.53,Lublin,51.2465,22.5684
2022-07-07 08:00:00,14.7,Lublin,51.2465,22.5684
2022-07-07 10:00:00,14.75,Lublin,51.2465,22.5684
2022-07-07 12:00:00,17.11,Lublin,51.2465,22.5684
2022-07-07 14:00:00,18.0,Lublin,51.2465,22.5684
2022-07-07 16:00:00,22.15,Lublin,51.2465,22.5684
2022-07-07 18:00:00,24.36,Lublin,51.2465,22.5684
2022-07-07 20:00:00,25.83,Lublin,51.2465,22.5684
2022-07-07 22:00:00,24.84,Lublin,51.2465,22.5684
2022-07-08 00:00:00,23.41,Lublin,51.2465,22.5684
2022-07-08 02:00:00,21.01,Lublin,51.2465,22.5684
2022-07-08 04:00:00,18.31,Lublin,51.2465,22.5684
2022-07-08 06:00:00,16.41,Lublin,51.2465,22.5684
2022-07-08 08:00:00,11.87,Lublin,51.2465,22.5684
2022-07-08 10:00:00,14.05,Lublin,51.2465,22.5684
2022-07-08 12:00:00,15.06,Lublin,51.2465,22.5684
2022-07-08 14:00:00,18.3,Lublin,51.2465,22.5684
2022-07-08 16:00:00,20.72,Lublin,51.2465,22.5684
2022-07-08 18:00:00,24.26,Lublin,51.2465,22.5684
2022-07-08 20:00:00,25.12,Lublin,51.2465,22.5684
2022-07-08 22:00:00,25.4,Lublin,51.2465,22.5684
2022-07-09 00:00:00,23.73,Lublin,51.2465,22.5684
2022-07-09 02:00:00,20.12,Lublin,51.2465,22.5684
2022-07-09 04:00:00,17.03,Lublin,51.2465,22.5684
2022-07-09 06:00:00,14.09,Lublin,51.2465,22.5684
2022-07-09 08:00:00,13.26,Lublin,51.2465,22.5684
2022-07-09 10:00:00,13.56,Lublin,51.2465,22.5684
2022-07-09 12:00:00,15.9,Lublin,51.2465,22.5684
2022-07-09 14:00:00,18.14,Lublin,51.2465,22.5684
2022-07-09 16:00:00,20.2,Lublin,51.2465,22.5684
2022-07-09 18:00:00,23.22,Lublin,51.2465,22.5684
2022-07-09 20:00:00,24.51,Lublin,51.2465,22.5684
2022-07-09 22:00:00,25.98,Lublin,51.2465,22.5684
2022-07-10 00:00:00,24.45,Lublin,51.2465,22.5684
2022-07-10 02:00:00,22.06,Lublin,51.2465,22.5684
2022-07-10 04:00:00,20.24,Lublin,51.2465,22.5684
2022-07-10 06:00:00,16.98,Lublin,51.2465,22.5684
2022-07-10 08:00:00,14.81,Lublin,51.2465,22.5684
2022-07-10 10:00:00,15.11,Lublin,51.2465,22.5684
2022-07-10 12:00:00,16.42,Lublin,51.2465,22.5684
2022-07-10 14:00:00,20.16,Lublin,51.2465,22.5684
2022-07-10 16:00:00,24.54,Lublin,51.2465,22.5684
2022-07-10 18:00:00,26.78,Lublin,51.2465,22.5684
2022-07-10 20:00:00,25.84,Lublin,51.2465,22.5684
2022-07-10 22:00:00,27.21,Lublin,51.2465,22.5684
2022-07-11 00:00:00,24.51,Lublin,51.2465,22.5684
2022-07-11 02:00:00,22.89,Lublin,51.2465,22.5684
2022-07-11 04:00:00,20.36,Lublin,51.2465,22.5684
2022-07-11 06:00:00,18.07,Lublin,51.2465,22.5684
2022-07-11 08:00:00,16.8,Lublin,51.2465,22.5684
2022-07-11 10:00:00,17.45,Lublin,51.2465,22.5684
2022-07-11 12:00:00,18.16,Lublin,51.2465,22.5684
2022-07-11 14:00:00,21.39,Lublin,51.2465,22.5684
2022-07-11 16:00:00,23.47,Lublin,51.2465,22.5684
2022-07-11 18:00:00,25.78,Lublin,51.2465,22.5684
2022-07-11 20:00:00,27.68,Lublin,51.2465,22.5684
2022-07-11 22:00:00,28.64,Lublin,51.2465,22.5684
2022-07-12 00:00:00,26.35,Lublin,51.2465,22.5684
2022-07-12 02:00:00,23.27,Lublin,51.2465,22.5684
2022-07-12 04:00:00,21.27,Lublin,51.2465,22.5684
2022-07-12 06:00:00,16.6,Lublin,51.2465,22.5684
2022-07-12 08:00:00,16.56,Lublin,51.2465,22.5684
2022-07-12 10:00:00,14.16,Lublin,51.2465,22.5684
2022-07-12 12:00:00,17.71,Lublin,51.2465,22.5684
2022-07-12 14:00:00,18.57,Lublin,51.2465,22.5684
2022-07-12 16:00:00,22.74,Lublin,51.2465,22.5684
2022-07-12 18:00:00,24.14,Lublin,51.2465,22.5684
2022-07-12 20:00:00,26.33,Lublin,51.2465,22.5684
2022-07-12 22:00:00,26.08,Lublin,51.2465,22.5684
2022-07-13 00:00:00,25.7,Lublin,51.2465,22.5684
2022-07-13 02:00:00,22.14,Lublin,51.2465,22.5684
2022-07-13 04:00:00,19.72,Lublin,51.2465,22.5684
2022-07-13 06:00:00,17.03,Lublin,51.2465,22.5684
2022-07-13 08:00:00,15.39,Lublin,51.2465,22.5684
2022-07-13 10:00:00,14.97,Lublin,51.2465,22.5684
2022-07-13 12:00:00,17.87,Lublin,51.2465,22.5684
2022-07-13 14:00:00,20.11,Lublin,51.2465,22.5684
2022-07-13 16:00:00,23.62,Lublin,51.2465,22.5684
2022-07-13 18:00:00,25.13,Lublin,51.2465,22.5684
2022-07-13 20:00:00,25.73,Lublin,51.2465,22.5684
2022-07-13 22:00:00,27.09,Lublin,51.2465,22.5684
2022-07-14 00:00:00,24.69,Lublin,51.2465,22.5684
2022-07-14 02:00:00,22.07,Lublin,51.2465,22.5684
2022-07-14 04:00:00,17.77,Lublin,51.2465,22.5684
2022-07-14 06:00:00,16.82,Lublin,51.2465,22.5684
2022-07-14 08:00:00,13.11,Lublin,51.2465,22.5684
2022-07-14 10:00:00,13.25,Lublin,51.2465,22.5684
2022-07-14 12:00:00,15.2,Lublin,51.2465,22.5684
2022-07-14 14:00:00,17.73,Lublin,51.2465,22.5684
2022-07-14 16:00:00,19.62,Lublin,51.2465,22.5684
2022-07-14 18:00:00,21.53,Lublin,51.2465,22.5684
2022-07-14 20:00:00,23.44,Lublin,51.2465,22.5684
2022-07-14 22:00:00,22.57,Lublin,51.2465,22.5684
2022-07-15 00:00:00,22.37,Lublin,51.2465,22.5684
2022-07-15 02:00:00,18.25,Lublin,51.2465,22.5684
2022-07-15 04:00:00,16.25,Lublin,51.2465,22.5684
2022-07-15 06:00:00,11.94,Lublin,51.2465,22.5684
2022-07-15 08:00:00,11.55,Lublin,51.2465,22.5684
2022-07-15 10:00:00,10.66,Lublin,51.2465,22.5684
2022-07-15 12:00:00,11.84,Lublin,51.2465,22.5684
2022-07-15 14:00:00,14.47,Lublin,51.2465,22.5684
2022-07-15 16:00:00,17.38,Lublin,51.2465,22.5684
2022-07-15 18:00:00,20.47,Lublin,51.2465,22.5684
2022-07-15 20:00:00,21.96,Lublin,51.2465,22.5684
2022-07-15 22:00:00,21.83,Lublin,51.2465,22.5684
2022-07-16 00:00:00,21.44,Lublin,51.2465,22.5684
2022-07-16 02:00:00,19.97,Lublin,51.2465,22.5684
2022-07-16 04:00:00,16.26,Lublin,51.2465,22.5684
2022-07-16 06:00:00,12.26,Lublin,51.2465,22.5684
2022-07-16 08:00:00,12.1,Lublin,51.2465,22.5684
2022-07-16 10:00:00,12.29,Lublin,51.2465,22.5684
2022-07-16 12:00:00,13.75,Lublin,51.2465,22.5684
2022-07-16 14:00:00,16.08,Lublin,51.2465,22.5684
2022-07-16 16:00:00,19.07,Lublin,51.2465,22.5684
2022-07-16 18:00:00,21.44,Lublin,51.2465,22.5684
2022-07-16 20:00:00,23.17,Lublin,51.2465,22.5684
2022-07-16 22:00:00,22.09,Lublin,51.2465,22.5684
2022-07-17 00:00:00,21.31,Lublin,51.2465,22.5684
2022-07-17 02:00:00,19.01,Lublin,51.2465,22.5684
2022-07-17 04:00:00,14.69,Lublin,51.2465,22.5684
2022-07-17 06:00:00,13.29,Lublin,51.2465,22.5684
2022-07-17 08:00:00,11.67,Lublin,51.2465,22.5684
2022-07-17 10:00:00,11.21,Lublin,51.2465,22.5684
2022-07-17 12:00:00,12.16,Lublin,51.2465,22.5684
2022-07-17 14:00:00,14.98,Lublin,51.2465,22.5684
2022-07-17 16:00:00,17.22,Lublin,51.2465,22.5684
2022-07-17 18:00:00,20.14,Lublin,51.2465,22.5684
2022-07-17 20:00:00,22.01,Lublin,51.2465,22.5684
2022-07-17 22:00:00,,Lublin,51.2465,22.5684
2022-07-18 00:00:00,19.37,Lublin,51.2465,22.5684
2022-07-18 02:00:00,16.52,Lublin,51.2465,22.5684
2022-07-18 04:00:00,13.32,Lublin,51.2465,22.5684
2022-07-18 06:00:00,11.53,Lublin,51.2465,22.5684
2022-07-18 08:00:00,10.12,Lublin,51.2465,22.5684
2022-07-18 10:00:00,9.03,Lublin,51.2465,22.5684
2022-07-18 12:00:00,12.84,Lublin,51.2465,22.5684
2022-07-18 14:00:00,14.1,Lublin,51.2465,22.5684
2022-07-18 16:00:00,16.68,Lublin,51.2465,22.5684
2022-07-18 18:00:00,18.96,Lublin,51.2465,22.5684
2022-07-18 20:00:00,20.8,Lublin,51.2465,22.5684
2022-07-18 22:00:00,21.04,Lublin,51.2465,22.5684
2022-07-19 00:00:00,19.24,Lublin,51.2465,22.5684
2022-07-19 02:00:00,17.06,Lublin,51.2465,22.5684
2022-07-19 04:00:00,13.17,Lublin,51.2465,22.5684
2022-07-19 06:00:00,9.78,Lublin,51.2465,22.5684
2022-07-19 08:00:00,10.24,Lublin,51.2465,22.5684
2022-07-19 10:00:00,9.74,Lublin,51.2465,22.5684
2022-07-19 12:00:00,11.01,Lublin,51.2465,22.5684
2022-07-19 14:00:00,14.35,Lublin,51.2465,22.5684
2022-07-19 16:00:00,17.86,Lublin,51.2465,22.5684
2022-07-19 18:00:00,22.78,Lublin,51.2465,22.5684
2022-07-19 20:00:00,25.16,Lublin,51.2465,22.5684
2022-07-19 22:00:00,22.6,Lublin,51.2465,22.5684
2022-07-20 00:00:00,22.44,Lublin,51.2465,22.5684
2022-07-20 02:00:00,18.71,Lublin,51.2465,22.5684
2022-07-20 04:00:00,14.88,Lublin,51.2465,22.5684
2022-07-20 06:00:00,12.37,Lublin,51.2465,22.5684
2022-07-20 08:00:00,12.11,Lublin,51.2465,22.5684
2022-07-20 10:00:00,11.84,Lublin,51.2465,22.5684
2022-07-20 12:00:00,13.78,Lublin,51.2465,22.5684
2022-07-20 14:00:00,16.36,Lublin,51.2465,22.5684
2022-07-20 16:00:00,20.29,Lublin,51.2465,22.5684
2022-07-20 18:00:00,23.72,Lublin,51.2465,22.5684
2022-07-20 20:00:00,22.92,Lublin,51.2465,22.5684
2022-07-20 22:00:00,23.2,Lublin,51.2465,22.5684
2022-07-21 00:00:00,22.65,Lublin,51.2465,22.5684
2022-07-21 02:00:00,17.83,Lublin,51.2465,22.5684
2022-07-21 04:00:00,14.48,Lublin,51.2465,22.5684
2022-07-21 06:00:00,10.91,Lublin,51.2465,22.5684
2022-07-21 08:00:00,10.94,Lublin,51.2465,22.5684
2022-07-21 10:00:00,9.24,Lublin,51.2465,22.5684
2022-07-21 12:00:00,10.83,Lublin,51.2465,22.5684
2022-07-21 14:00:00,15.56,Lublin,51.2465,22.5684
2022-07-21 16:00:00,19.38,Lublin,51.2465,22.5684
2022-07-21 18:00:00,21.34,Lublin,51.2465,22.5684
2022-07-21 20:00:00,23.03,Lublin,51.2465,22.5684
2022-07-21 22:00:00,22.27,Lublin,51.2465,22.5684
2022-07-22 00:00:00,22.35,Lublin,51.2465,22.5684
2022-07-22 02:00:00,19.39,Lublin,51.2465,22.5684
2022-07-22 04:00:00,15.87,Lublin,51.2465,22.5684
2022-07-22 06:00:00,14.21,Lublin,51.2465,22.5684
2022-07-22 08:00:00,11.46,Lublin,51.2465,22.5684
2022-07-22 10:00:00,11.24,Lublin,51.2465,22.5684
2022-07-22 12:00:00,13.88,Lublin,51.2465,22.5684
2022-07-22 14:00:00,16.77,Lublin,51.2465,22.5684
2022-07-22 16:00:00,18.59,Lublin,51.2465,22.5684
2022-07-22 18:00:00,23.42,Lublin,51.2465,22.5684
2022-07-22 20:00:00,23.68,Lublin,51.2465,22.5684
2022-07-22 22:00:00,23.95,Lublin,51.2465,22.5684
2022-07-23 00:00:00,22.29,Lublin,51.2465,22.5684
2022-07-23 02:00:00,19.56,Lublin,51.2465,22.5684
2022-07-23 04:00:00,16.18,Lublin,51.2465,22.5684
2022-07-23 06:00:00,13.3,Lublin,51.2465,22.5684
2022-07-23 08:00:00,11.12,Lublin,51.2465,22.5684
2022-07-23 10:00:00,10.59,Lublin,51.2465,22.5684
2022-07-23 12:00:00,14.05,Lublin,51.2465,22.5684
2022-07-23 14:00:00,16.71,Lublin,51.2465,22.5684
2022-07-23 16:00:00,17.93,Lublin,51.2465,22.5684
2022-07-23 18:00:00,20.11,Lublin,51.2465,22.5684
2022-07-23 20:00:00,21.96,Lublin,51.2465,22.5684
2022-07-23 22:00:00,21.46,Lublin,51.2465,22.5684
2022-07-24 00:00:00,21.7,Lublin,51.2465,22.5684
2022-07-24 02:00:00,17.86,Lublin,51.2465,22.5684
2022-07-24 04:00:00,14.44,Lublin,51.2465,22.5684
2022-07-24 06:00:00,12.01,Lublin,51.2465,22.5684
2022-07-24 08:00:00,11.2,Lublin,51.2465,22.5684
2022-07-24 10:00:00,11.38,Lublin,51.2465,22.5684
2022-07-24 12:00:00,12.73,Lublin,51.2465,22.5684
2022-07-24 14:00:00,15.39,Lublin,51.2465,22.5684
2022-07-24 16:00:00,19.44,Lublin,51.2465,22.5684
2022-07-24 18:00:00,19.87,Lublin,51.2465,22.5684
2022-07-24 20:00:00,22.16,Lublin,51.2465,22.5684
2022-07-24 22:00:00,21.24,Lublin,51.2465,22.5684
2022-07-25 00:00:00,20.51,Lublin,51.2465,22.5684
2022-07-25 02:00:00,17.87,Lublin,51.2465,22.5684
2022-07-25 04:00:00,14.14,Lublin,51.2465,22.5684
2022-07-25 06:00:00,11.36,Lublin,51.2465,22.5684
2022-07-25 08:00:00,10.92,Lublin,51.2465,22.5684
2022-07-25 10:00:00,11.09,Lublin,51.2465,22.5684
2022-07-25 12:00:00,11.4,Lublin,51.2465,22.5684
2022-07-25 14:00:00,14.14,Lublin,51.2465,22.5684
2022-07-25 16:00:00,16.55,Lublin,51.2465,22.5684
2022-07-25 18:00:00,21.54,Lublin,51.2465,22.5684
2022-07-25 20:00:00,22.78,Lublin,51.2465,22.5684
2022-07-25 22:00:00,22.82,Lublin,51.2465,22.5684
2022-07-26 00:00:00,20.36,Lublin,51.2465,22.5684
2022-07-26 02:00:00,17.31,Lublin,51.2465,22.5684
2022-07-26 04:00:00,14.31,Lublin,51.2465,22.5684
2022-07-26 06:00:00,11.64,Lublin,51.2465,22.5684
2022-07-26 08:00:00,10.25,Lublin,51.2465,22.5684
2022-07-26 10:00:00,10.17,Lublin,51.2465,22.5684
2022-07-26 12:00:00,10.63,Lublin,51.2465,22.5684
2022-07-26 14:00:00,13.53,Lublin,51.2465,22.5684
2022-07-26 16:00:00,17.26,Lublin,51.2465,22.5684
2022-07-26 18:00:00,20.27,Lublin,51.2465,22.5684
2022-07-26 20:00:00,20.53,Lublin,51.2465,22.5684
2022-07-26 22:00:00,22.5,Lublin,51.2465,22.5684
2022-07-27 00:00:00,20.58,Lublin,51.2465,22.5684
2022-07-27 02:00:00,18.6,Lublin,51.2465,22.5684
2022-07-27 04:00:00,16.36,Lublin,51.2465,22.5684
2022-07-27 06:00:00,13.35,Lublin,51.2465,22.5684
2022-07-27 08:00:00,12.87,Lublin,51.2465,22.5684
2022-07-27 10:00:00,12.16,Lublin,51.2465,22.5684
2022-07-27 12:00:00,12.5,Lublin,51.2465,22.5684
2022-07-27 14:00:00,14.83,Lublin,51.2465,22.5684
2022-07-27 16:00:00,18.83,Lublin,51.2465,22.5684
2022-07-27 18:00:00,21.61,Lublin,51.2465,22.5684
2022-07-27 20:00:00,21.53,Lublin,51.2465,22.5684
2022-07-27 22:00:00,22.23,Lublin,51.2465,22.5684
2022-07-28 00:00:00,20.67,Lublin,51.2465,22.5684
2022-07-28 02:00:00,18.07,Lublin,51.2465,22.5684
2022-07-28 04:00:00,16.25,Lublin,51.2465,22.5684
2022-07-28 06:00:00,13.41,Lublin,51.2465,22.5684
2022-07-28 08:00:00,13.59,Lublin,51.2465,22.5684
2022-07-28 10:00:00,12.61,Lublin,51.2465,22.5684
2022-07-28 12:00:00,12.84,Lublin,51.2465,22.5684
2022-07-28 14:00:00,16.66,Lublin,51.2465,22.5684
2022-07-28 16:00:00,20.23,Lublin,51.2465,22.5684
2022-07-28 18:00:00,22.0,Lublin,51.2465,22.5684
2022-07-28 20:00:00,25.13,Lublin,51.2465,22.5684
2022-07-28 22:00:00,24.0,Lublin,51.2465,22.5684
2022-07-29 00:00:00,21.67,Lublin,51.2465,22.5684
2022-07-29 02:00:00,19.73,Lublin,51.2465,22.5684
2022-07-29 04:00:00,16.13,Lublin,51.2465,22.5684
2022-07-29 06:00:00,13.77,Lublin,51.2465,22.5684
2022-07-29 08:00:00,11.86,Lublin,51.2465,22.5684
2022-07-29 10:00:00,10.33,Lublin,51.2465,22.5684
2022-07-29 12:00:00,11.16,Lublin,51.2465,22.5684
2022-07-29 14:00:00,14.78,Lublin,51.2465,22.5684
2022-07-29 16:00:00,16.93,Lublin,51.2465,22.5684
2022-07-29 18:00:00,20.84,Lublin,51.2465,22.5684
2022-07-29 20:00:00,20.89,Lublin,51.2465,22.5684
2022-07-29 22:00:00,21.06,Lublin,51.2465,22.5684
2022-07-30 00:00:00,21.08,Lublin,51.2465,22.5684
2022-07-30 02:00:00,18.31,Lublin,51.2465,22.5684
2022-07-30 04:00:00,,Lublin,51.2465,22.5684
2022-07-30 06:00:00,10.4,Lublin,51.2465,22.5684
2022-07-30 08:00:00,9.84,Lublin,51.2465,22.5684
2022-07-30 10:00:00,10.58,Lublin,51.2465,22.5684
2022-07-30 12:00:00,11.65,Lublin,51.2465,22.5684
2022-07-30 14:00:00,14.55,Lublin,51.2465,22.5684
2022-07-30 16:00:00,18.86,Lublin,51.2465,22.5684
2022-07-30 18:00:00,21.83,Lublin,51.2465,22.5684
2022-07-30 20:00:00,23.51,Lublin,51.2465,22.5684
2022-07-30 22:00:00,22.51,Lublin,51.2465,22.5684
2022-07-31 00:00:00,22.6,Lublin,51.2465,22.5684
2022-07-31 02:00:00,18.71,Lublin,51.2465,22.5684
2022-07-31 04:00:00,15.48,Lublin,51.2465,22.5684
2022-07-31 06:00:00,13.79,Lublin,51.2465,22.5684
2022-07-31 08:00:00,11.24,Lublin,51.2465,22.5684
2022-07-31 10:00:00,12.13,Lublin,51.2465,22.5684
2022-07-31 12:00:00,12.3,Lublin,51.2465,22.5684
2022-07-31 14:00:00,15.76,Lublin,51.2465,22.5684
2022-07-31 16:00:00,20.92,Lublin,51.2465,22.5684
2022-07-31 18:00:00,22.31,Lublin,51.2465,22.5684
2022-07-31 20:00:00,22.29,Lublin,51.2465,22.5684
2022-07-31 22:00:00,22.64,Lublin,51.2465,22.5684
2023-07-01 00:00:00,23.79,Lublin,51.2465,22.5684
2023-07-01 02:00:00,21.39,Lublin,51.2465,22.5684
2023-07-01 04:00:00,16.89,Lublin,51.2465,22.5684
2023-07-01 06:00:00,13.81,Lublin,51.2465,22.5684
2023-07-01 08:00:00,13.26,Lublin,51.2465,22.5684
2023-07-01 10:00:00,13.82,Lublin,51.2465,22.5684
2023-07-01 12:00:00,13.3,Lublin,51.2465,22.5684
2023-07-01 14:00:00,16.16,Lublin,51.2465,22.5684
2023-07-01 16:00:00,19.61,Lublin,51.2465,22.5684
2023-07-01 18:00:00,22.11,Lublin,51.2465,22.5684
2023-07-01 20:00:00,23.87,Lublin,51.2465,22.5684
2023-07-01 22:00:00,24.06,Lublin,51.2465,22.5684
2023-07-02 00:00:00,22.26,Lublin,51.2465,22.5684
2023-07-02 02:00:00,19.62,Lublin,51.2465,22.5684
2023-07-02 04:00:00,17.75,Lublin,51.2465,22.5684
2023-07-02 06:00:00,13.79,Lublin,51.2465,22.5684
2023-07-02 08:00:00,12.58,Lublin,51.2465,22.5684
2023-07-02 10:00:00,11.96,Lublin,51.2465,22.5684
2023-07-02 12:00:00,13.33,Lublin,51.2465,22.5684
2023-07-02 14:00:00,16.4,Lublin,51.2465,22.5684
2023-07-02 16:00:00,19.87,Lublin,51.2465,22.5684
2023-07-02 18:00:00,23.0,Lublin,51.2465,22.5684
2023-07-02 20:00:00,24.68,Lublin,51.2465,22.5684
2023-07-02 22:00:00,25.37,Lublin,51.2465,22.5684
2023-07-03 00:00:00,24.01,Lublin,51.2465,22.5684
2023-07-03 02:00:00,21.95,Lublin,51.2465,22.5684
2023-07-03 04:00:00,16.32,Lublin,51.2465,22.5684
2023-07-03 06:00:00,15.17,Lublin,51.2465,22.5684
2023-07-03 08:00:00,11.7,Lublin,51.2465,22.5684
2023-07-03 10:00:00,12.03,Lublin,51.2465,22.5684
2023-07-03 12:00:00,13.15,Lublin,51.2465,22.5684
2023-07-03 14:00:00,16.11,Lublin,51.2465,22.5684
2023-07-03 16:00:00,19.06,Lublin,51.2465,22.5684
2023-07-03 18:00:00,22.33,Lublin,51.2465,22.5684
2023-07-03 20:00:00,24.1,Lublin,51.2465,22.5684
2023-07-03 22:00:00,23.5,Lublin,51.2465,22.5684
2023-07-04 00:00:00,21.62,Lublin,51.2465,22.5684
2023-07-04 02:00:00,18.35,Lublin,51.2465,22.5684
2023-07-04 04:00:00,14.92,Lublin,51.2465,22.5684
2023-07-04 06:00:00,13.22,Lublin,51.2465,22.5684
2023-07-04 08:00:00,12.11,Lublin,51.2465,22.5684
2023-07-04 10:00:00,10.88,Lublin,51.2465,22.5684
2023-07-04 12:00:00,12.62,Lublin,51.2465,22.5684
2023-07-04 14:00:00,14.74,Lublin,51.2465,22.5684
2023-07-04 16:00:00,17.5,Lublin,51.2465,22.5684
2023-07-04 18:00:00,20.71,Lublin,51.2465,22.5684
2023-07-04 20:00:00,21.24,Lublin,51.2465,22.5684
2023-07-04 22:00:00,21.92,Lublin,51.2465,22.5684
2023-07-05 00:00:00,20.4,Lublin,51.2465,22.5684
2023-07-05 02:00:00,17.98,Lublin,51.2465,22.5684
2023-07-05 04:00:00,15.92,Lublin,51.2465,22.5684
2023-07-05 06:00:00,15.25,Lublin,51.2465,22.5684
2023-07-05 08:00:00,12.71,Lublin,51.2465,22.5684
2023-07-05 10:00:00,13.0,Lublin,51.2465,22.5684
2023-07-05 12:00:00,12.45,Lublin,51.2465,22.5684
2023-07-05 14:00:00,16.38,Lublin,51.2465,22.5684
2023-07-05 16:00:00,19.62,Lublin,51.2465,22.5684
2023-07-05 18:00:00,,Lublin,51.2465,22.5684
2023-07-05 20:00:00,23.76,Lublin,51.2465,22.5684
2023-07-05 22:00:00,23.01,Lublin,51.2465,22.5684
2023-07-06 00:00:00,21.92,Lublin,51.2465,22.5684
2023-07-06 02:00:00,19.48,Lublin,51.2465,22.5684
2023-07-06 04:00:00,16.01,Lublin,51.2465,22.5684
2023-07-06 06:00:00,13.26,Lublin,51.2465,22.5684
2023-07-06 08:00:00,12.91,Lublin,51.2465,22.5684
2023-07-06 10:00:00,12.72,Lublin,51.2465,22.5684
2023-07-06 12:00:00,15.39,Lublin,51.2465,22.5684
2023-07-06 14:00:00,17.65,Lublin,51.2465,22.5684
2023-07-06 16:00:00,20.86,Lublin,51.2465,22.5684
2023-07-06 18:00:00,23.13,Lublin,51.2465,22.5684
2023-07-06 20:00:00,26.17,Lublin,51.2465,22.5684
2023-07-06 22:00:00,25.62,Lublin,51.2465,22.5684
2023-07-07 00:00:00,23.25,Lublin,51.2465,22.5684
2023-07-07 02:00:00,20.69,Lublin,51.2465,22.5684
2023-07-07 04:00:00,15.23,Lublin,51.2465,22.5684
2023-07-07 06:00:00,13.81,Lublin,51.2465,22.5684
2023-07-07 08:00:00,12.09,Lublin,51.2465,22.5684
2023-07-07 10:00:00,13.58,Lublin,51.2465,22.5684
2023-07-07 12:00:00,13.54,Lublin,51.2465,22.5684
2023-07-07 14:00:00,17.14,Lublin,51.2465,22.5684
2023-07-07 16:00:00,20.28,Lublin,51.2465,22.5684
2023-07-07 18:00:00,22.67,Lublin,51.2465,22.5684
2023-07-07 20:00:00,25.43,Lublin,51.2465,22.5684
2023-07-07 22:00:00,26.55,Lublin,51.2465,22.5684
2023-07-08 00:00:00,25.22,Lublin,51.2465,22.5684
2023-07-08 02:00:00,22.95,Lublin,51.2465,22.5684
2023-07-08 04:00:00,18.41,Lublin,51.2465,22.5684
2023-07-08 06:00:00,15.7,Lublin,51.2465,22.5684
2023-07-08 08:00:00,14.79,Lublin,51.2465,22.5684
2023-07-08 10:00:00,13.94,Lublin,51.2465,22.5684
2023-07-08 12:00:00,15.59,Lublin,51.2465,22.5684
2023-07-08 14:00:00,19.3,Lublin,51.2465,22.5684
2023-07-08 16:00:00,22.12,Lublin,51.2465,22.5684
2023-07-08 18:00:00,25.48,Lublin,51.2465,22.5684
2023-07-08 20:00:00,25.42,Lublin,51.2465,22.5684
2023-07-08 22:00:00,27.47,Lublin,51.2465,22.5684
2023-07-09 00:00:00,25.72,Lublin,51.2465,22.5684
2023-07-09 02:00:00,22.91,Lublin,51.2465,22.5684
2023-07-09 04:00:00,20.03,Lublin,51.2465,22.5684
2023-07-09 06:00:00,17.19,Lublin,51.2465,22.5684
2023-07-09 08:00:00,16.98,Lublin,51.2465,22.5684
2023-07-09 10:00:00,15.23,Lublin,51.2465,22.5684
2023-07-09 12:00:00,17.45,Lublin,51.2465,22.5684
2023-07-09 14:00:00,20.78,Lublin,51.2465,22.5684
2023-07-09 16:00:00,21.83,Lublin,51.2465,22.5684
2023-07-09 18:00:00,25.57,Lublin,51.2465,22.5684
2023-07-09 20:00:00,28.57,Lublin,51.2465,22.5684
2023-07-09 22:00:00,28.32,Lublin,51.2465,22.5684
2023-07-10 00:00:00,25.83,Lublin,51.2465,22.5684
2023-07-10 02:00:00,21.82,Lublin,51.2465,22.5684
2023-07-10 04:00:00,17.9,Lublin,51.2465,22.5684
2023-07-10 06:00:00,16.78,Lublin,51.2465,22.5684
2023-07-10 08:00:00,15.02,Lublin,51.2465,22.5684
2023-07-10 10:00:00,16.37,Lublin,51.2465,22.5684
2023-07-10 12:00:00,17.69,Lublin,51.2465,22.5684
2023-07-10 14:00:00,20.24,Lublin,51.2465,22.5684
2023-07-10 16:00:00,24.88,Lublin,51.2465,22.5684
2023-07-10 18:00:00,26.15,Lublin,51.2465,22.5684
2023-07-10 20:00:00,27.05,Lublin,51.2465,22.5684
2023-07-10 22:00:00,29.21,Lublin,51.2465,22.5684
2023-07-11 00:00:00,25.97,Lublin,51.2465,22.5684
2023-07-11 02:00:00,23.07,Lublin,51.2465,22.5684
2023-07-11 04:00:00,18.74,Lublin,51.2465,22.5684
2023-07-11 06:00:00,17.22,Lublin,51.2465,22.5684
2023-07-11 08:00:00,13.67,Lublin,51.2465,22.5684
2023-07-11 10:00:00,14.74,Lublin,51.2465,22.5684
2023-07-11 12:00:00,15.8,Lublin,51.2465,22.5684
2023-07-11 14:00:00,19.5,Lublin,51.2465,22.5684
2023-07-11 16:00:00,21.83,Lublin,51.2465,22.5684
2023-07-11 18:00:00,25.2,Lublin,51.2465,22.5684
2023-07-11 20:00:00,25.74,Lublin,51.2465,22.5684
2023-07-11 22:00:00,26.51,Lublin,51.2465,22.5684
2023-07-12 00:00:00,25.3,Lublin,51.2465,22.5684
2023-07-12 02:00:00,20.99,Lublin,51.2465,22.5684
2023-07-12 04:00:00,18.92,Lublin,51.2465,22.5684
2023-07-12 06:00:00,16.81,Lublin,51.2465,22.5684
2023-07-12 08:00:00,14.59,Lublin,51.2465,22.5684
2023-07-12 10:00:00,15.86,Lublin,51.2465,22.5684
2023-07-12 12:00:00,15.88,Lublin,51.2465,22.5684
2023-07-12 14:00:00,19.4,Lublin,51.2465,22.5684
2023-07-12 16:00:00,21.57,Lublin,51.2465,22.5684
2023-07-12 18:00:00,23.97,Lublin,51.2465,22.5684
2023-07-12 20:00:00,25.55,Lublin,51.2465,22.5684
2023-07-12 22:00:00,23.86,Lublin,51.2465,22.5684
2023-07-13 00:00:00,22.06,Lublin,51.2465,22.5684
2023-07-13 02:00:00,19.32,Lublin,51.2465,22.5684
2023-07-13 04:00:00,16.56,Lublin,51.2465,22.5684
2023-07-13 06:00:00,14.29,Lublin,51.2465,22.5684
2023-07-13 08:00:00,12.07,Lublin,51.2465,22.5684
2023-07-13 10:00:00,12.94,Lublin,51.2465,22.5684
2023-07-13 12:00:00,14.04,Lublin,51.2465,22.5684
2023-07-13 14:00:00,15.83,Lublin,51.2465,22.5684
2023-07-13 16:00:00,21.09,Lublin,51.2465,22.5684
2023-07-13 18:00:00,22.46,Lublin,51.2465,22.5684
2023-07-13 20:00:00,24.16,Lublin,51.2465,22.5684
2023-07-13 22:00:00,25.47,Lublin,51.2465,22.5684
2023-07-14 00:00:00,23.46,Lublin,51.2465,22.5684
2023-07-14 02:00:00,21.2,Lublin,51.2465,22.5684
2023-07-14 04:00:00,18.71,Lublin,51.2465,22.5684
2023-07-14 06:00:00,15.37,Lublin,51.2465,22.5684
2023-07-14 08:00:00,12.32,Lublin,51.2465,22.5684
2023-07-14 10:00:00,13.64,Lublin,51.2465,22.5684
2023-07-14 12:00:00,15.97,Lublin,51.2465,22.5684
2023-07-14 14:00:00,17.11,Lublin,51.2465,22.5684
2023-07-14 16:00:00,20.75,Lublin,51.2465,22.5684
2023-07-14 18:00:00,23.81,Lublin,51.2465,22.5684
2023-07-14 20:00:00,24.89,Lublin,51.2465,22.5684
2023-07-14 22:00:00,24.61,Lublin,51.2465,22.5684
2023-07-15 00:00:00,22.17,Lublin,51.2465,22.5684
2023-07-15 02:00:00,20.09,Lublin,51.2465,22.5684
2023-07-15 04:00:00,16.91,Lublin,51.2465,22.5684
2023-07-15 06:00:00,13.63,Lublin,51.2465,22.5684
2023-07-15 08:00:00,13.47,Lublin,51.2465,22.5684
2023-07-15 10:00:00,12.79,Lublin,51.2465,22.5684
2023-07-15 12:00:00,14.43,Lublin,51.2465,22.5684
2023-07-15 14:00:00,17.03,Lublin,51.2465,22.5684
2023-07-15 16:00:00,20.69,Lublin,51.2465,22.5684
2023-07-15 18:00:00,22.96,Lublin,51.2465,22.5684
2023-07-15 20:00:00,25.45,Lublin,51.2465,22.5684
2023-07-15 22:00:00,24.44,Lublin,51.2465,22.5684
2023-07-16 00:00:00,23.22,Lublin,51.2465,22.5684
2023-07-16 02:00:00,20.73,Lublin,51.2465,22.5684
2023-07-16 04:00:00,16.89,Lublin,51.2465,22.5684
2023-07-16 06:00:00,13.57,Lublin,51.2465,22.5684
2023-07-16 08:00:00,13.44,Lublin,51.2465,22.5684
2023-07-16 10:00:00,12.94,Lublin,51.2465,22.5684
2023-07-16 12:00:00,13.5,Lublin,51.2465,22.5684
2023-07-16 14:00:00,17.45,Lublin,51.2465,22.5684
2023-07-16 16:00:00,21.58,Lublin,51.2465,22.5684
2023-07-16 18:00:00,24.73,Lublin,51.2465,22.5684
2023-07-16 20:00:00,27.13,Lublin,51.2465,22.5684
2023-07-16 22:00:00,25.12,Lublin,51.2465,22.5684
2023-07-17 00:00:00,22.04,Lublin,51.2465,22.5684
2023-07-17 02:00:00,19.4,Lublin,51.2465,22.5684
2023-07-17 04:00:00,17.52,Lublin,51.2465,22.5684
2023-07-17 06:00:00,15.39,Lublin,51.2465,22.5684
2023-07-17 08:00:00,12.84,Lublin,51.2465,22.5684
2023-07-17 10:00:00,12.85,Lublin,51.2465,22.5684
2023-07-17 12:00:00,15.11,Lublin,51.2465,22.5684
2023-07-17 14:00:00,17.25,Lublin,51.2465,22.5684
2023-07-17 16:00:00,19.64,Lublin,51.2465,22.5684
2023-07-17 18:00:00,24.09,Lublin,51.2465,22.5684
2023-07-17 20:00:00,25.96,Lublin,51.2465,22.5684
2023-07-17 22:00:00,25.16,Lublin,51.2465,22.5684
2023-07-18 00:00:00,23.17,Lublin,51.2465,22.5684
2023-07-18 02:00:00,20.06,Lublin,51.2465,22.5684
2023-07-18 04:00:00,16.55,Lublin,51.2465,22.5684
2023-07-18 06:00:00,14.35,Lublin,51.2465,22.5684
2023-07-18 08:00:00,11.97,Lublin,51.2465,22.5684
2023-07-18 10:00:00,10.92,Lublin,51.2465,22.5684
2023-07-18 12:00:00,12.38,Lublin,51.2465,22.5684
2023-07-18 14:00:00,15.37,Lublin,51.2465,22.5684
2023-07-18 16:00:00,19.41,Lublin,51.2465,22.5684
2023-07-18 18:00:00,21.13,Lublin,51.2465,22.5684
2023-07-18 20:00:00,22.53,Lublin,51.2465,22.5684
2023-07-18 22:00:00,24.01,Lublin,51.2465,22.5684
2023-07-19 00:00:00,22.68,Lublin,51.2465,22.5684
2023-07-19 02:00:00,19.48,Lublin,51.2465,22.5684
2023-07-19 04:00:00,13.56,Lublin,51.2465,22.5684
2023-07-19 06:00:00,13.9,Lublin,51.2465,22.5684
2023-07-19 08:00:00,12.03,Lublin,51.2465,22.5684
2023-07-19 10:00:00,12.83,Lublin,51.2465,22.5684
2023-07-19 12:00:00,12.72,Lublin,51.2465,22.5684
2023-07-19 14:00:00,15.73,Lublin,51.2465,22.5684
2023-07-19 16:00:00,17.97,Lublin,51.2465,22.5684
2023-07-19 18:00:00,21.14,Lublin,51.2465,22.5684
2023-07-19 20:00:00,23.86,Lublin,51.2465,22.5684
2023-07-19 22:00:00,23.09,Lublin,51.2465,22.5684
2023-07-20 00:00:00,20.72,Lublin,51.2465,22.5684
2023-07-20 02:00:00,18.46,Lublin,51.2465,22.5684
2023-07-20 04:00:00,16.82,Lublin,51.2465,22.5684
2023-07-20 06:00:00,13.43,Lublin,51.2465,22.5684
2023-07-20 08:00:00,10.64,Lublin,51.2465,22.5684
2023-07-20 10:00:00,11.29,Lublin,51.2465,22.5684
2023-07-20 12:00:00,13.47,Lublin,51.2465,22.5684
2023-07-20 14:00:00,16.48,Lublin,51.2465,22.5684
2023-07-20 16:00:00,20.27,Lublin,51.2465,22.5684
2023-07-20 18:00:00,22.18,Lublin,51.2465,22.5684
2023-07-20 20:00:00,24.06,Lublin,51.2465,22.5684
2023-07-20 22:00:00,22.35,Lublin,51.2465,22.5684
2023-07-21 00:00:00,22.97,Lublin,51.2465,22.5684
2023-07-21 02:00:00,19.05,Lublin,51.2465,22.5684
2023-07-21 04:00:00,17.48,Lublin,51.2465,22.5684
2023-07-21 06:00:00,14.08,Lublin,51.2465,22.5684
2023-07-21 08:00:00,11.61,Lublin,51.2465,22.5684
2023-07-21 10:00:00,13.17,Lublin,51.2465,22.5684
2023-07-21 12:00:00,13.21,Lublin,51.2465,22.5684
2023-07-21 14:00:00,,Lublin,51.2465,22.5684
2023-07-21 16:00:00,19.71,Lublin,51.2465,22.5684
2023-07-21 18:00:00,22.58,Lublin,51.2465,22.5684
2023-07-21 20:00:00,24.59,Lublin,51.2465,22.5684
2023-07-21 22:00:00,24.85,Lublin,51.2465,22.5684
2023-07-22 00:00:00,22.62,Lublin,51.2465,22.5684
2023-07-22 02:00:00,22.02,Lublin,51.2465,22.5684
2023-07-22 04:00:00,17.8,Lublin,51.2465,22.5684
2023-07-22 06:00:00,14.05,Lublin,51.2465,22.5684
2023-07-22 08:00:00,12.2,Lublin,51.2465,22.5684
2023-07-22 10:00:00,12.71,Lublin,51.2465,22.5684
2023-07-22 12:00:00,14.45,Lublin,51.2465,22.5684
2023-07-22 14:00:00,17.09,Lublin,51.2465,22.5684
2023-07-22 16:00:00,20.84,Lublin,51.2465,22.5684
2023-07-22 18:00:00,22.46,Lublin,51.2465,22.5684
2023-07-22 20:00:00,23.19,Lublin,51.2465,22.5684
2023-07-22 22:00:00,23.53,Lublin,51.2465,22.5684
2023-07-23 00:00:00,21.42,Lublin,51.2465,22.5684
2023-07-23 02:00:00,19.59,Lublin,51.2465,22.5684
2023-07-23 04:00:00,16.17,Lublin,51.2465,22.5684
2023-07-23 06:00:00,12.68,Lublin,51.2465,22.5684
2023-07-23 08:00:00,12.28,Lublin,51.2465,22.5684
2023-07-23 10:00:00,12.03,Lublin,51.2465,22.5684
2023-07-23 12:00:00,13.79,Lublin,51.2465,22.5684
2023-07-23 14:00:00,16.18,Lublin,51.2465,22.5684
2023-07-23 16:00:00,18.49,Lublin,51.2465,22.5684
2023-07-23 18:00:00,21.73,Lublin,51.2465,22.5684
2023-07-23 20:00:00,22.83,Lublin,51.2465,22.5684
2023-07-23 22:00:00,22.99,Lublin,51.2465,22.5684
2023-07-24 00:00:00,22.8,Lublin,51.2465,22.5684
2023-07-24 02:00:00,19.48,Lublin,51.2465,22.5684
2023-07-24 04:00:00,16.0,Lublin,51.2465,22.5684
2023-07-24 06:00:00,13.06,Lublin,51.2465,22.5684
2023-07-24 08:00:00,11.5,Lublin,51.2465,22.5684
2023-07-24 10:00:00,11.25,Lublin,51.2465,22.5684
2023-07-24 12:00:00,13.72,Lublin,51.2465,22.5684
2023-07-24 14:00:00,17.6,Lublin,51.2465,22.5684
2023-07-24 16:00:00,17.05,Lublin,51.2465,22.5684
2023-07-24 18:00:00,21.52,Lublin,51.2465,22.5684
2023-07-24 20:00:00,22.92,Lublin,51.2465,22.5684
2023-07-24 22:00:00,22.22,Lublin,51.2465,22.5684
2023-07-25 00:00:00,22.94,Lublin,51.2465,22.5684
2023-07-25 02:00:00,19.42,Lublin,51.2465,22.5684
2023-07-25 04:00:00,18.21,Lublin,51.2465,22.5684
2023-07-25 06:00:00,12.79,Lublin,51.2465,22.5684
2023-07-25 08:00:00,13.24,Lublin,51.2465,22.5684
2023-07-25 10:00:00,12.34,Lublin,51.2465,22.5684
2023-07-25 12:00:00,15.06,Lublin,51.2465,22.5684
2023-07-25 14:00:00,17.31,Lublin,51.2465,22.5684
2023-07-25 16:00:00,19.97,Lublin,51.2465,22.5684
2023-07-25 18:00:00,22.59,Lublin,51.2465,22.5684
2023-07-25 20:00:00,23.44,Lublin,51.2465,22.5684
2023-07-25 22:00:00,23.57,Lublin,51.2465,22.5684
2023-07-26 00:00:00,21.32,Lublin,51.2465,22.5684
2023-07-26 02:00:00,19.28,Lublin,51.2465,22.5684
2023-07-26 04:00:00,16.51,Lublin,51.2465,22.5684
2023-07-26 06:00:00,14.22,Lublin,51.2465,22.5684
2023-07-26 08:00:00,12.34,Lublin,51.2465,22.5684
2023-07-26 10:00:00,14.21,Lublin,51.2465,22.5684
2023-07-26 12:00:00,14.49,Lublin,51.2465,22.5684
2023-07-26 14:00:00,17.58,Lublin,51.2465,22.5684
2023-07-26 16:00:00,20.15,Lublin,51.2465,22.5684
2023-07-26 18:00:00,22.79,Lublin,51.2465,22.5684
2023-07-26 20:00:00,24.99,Lublin,51.2465,22.5684
2023-07-26 22:00:00,23.09,Lublin,51.2465,22.5684
2023-07-27 00:00:00,23.01,Lublin,51.2465,22.5684
2023-07-27 02:00:00,20.81,Lublin,51.2465,22.5684
2023-07-27 04:00:00,19.44,Lublin,51.2465,22.5684
2023-07-27 06:00:00,14.89,Lublin,51.2465,22.5684
2023-07-27 08:00:00,13.5,Lublin,51.2465,22.5684
2023-07-27 10:00:00,13.61,Lublin,51.2465,22.5684
2023-07-27 12:00:00,15.73,Lublin,51.2465,22.5684
2023-07-27 14:00:00,18.3,Lublin,51.2465,22.5684
2023-07-27 16:00:00,20.06,Lublin,51.2465,22.5684
2023-07-27 18:00:00,24.12,Lublin,51.2465,22.5684
2023-07-27 20:00:00,24.04,Lublin,51.2465,22.5684
2023-07-27 22:00:00,24.32,Lublin,51.2465,22.5684
2023-07-28 00:00:00,20.49,Lublin,51.2465,22.5684
2023-07-28 02:00:00,18.83,Lublin,51.2465,22.5684
2023-07-28 04:00:00,16.21,Lublin,51.2465,22.5684
2023-07-28 06:00:00,12.33,Lublin,51.2465,22.5684
2023-07-28 08:00:00,10.89,Lublin,51.2465,22.5684
2023-07-28 10:00:00,11.49,Lublin,51.2465,22.5684
2023-07-28 12:00:00,13.71,Lublin,51.2465,22.5684
2023-07-28 14:00:00,15.31,Lublin,51.2465,22.5684
2023-07-28 16:00:00,18.76,Lublin,51.2465,22.5684
2023-07-28 18:00:00,21.59,Lublin,51.2465,22.5684
2023-07-28 20:00:00,23.22,Lublin,51.2465,22.5684
2023-07-28 22:00:00,23.63,Lublin,51.2465,22.5684
2023-07-29 00:00:00,22.55,Lublin,51.2465,22.5684
2023-07-29 02:00:00,20.57,Lublin,51.2465,22.5684
2023-07-29 04:00:00,16.85,Lublin,51.2465,22.5684
2023-07-29 06:00:00,14.61,Lublin,51.2465,22.5684
2023-07-29 08:00:00,11.86,Lublin,51.2465,22.5684
2023-07-29 10:00:00,13.03,Lublin,51.2465,22.5684
2023-07-29 12:00:00,13.6,Lublin,51.2465,22.5684
2023-07-29 14:00:00,18.26,Lublin,51.2465,22.5684
2023-07-29 16:00:00,20.15,Lublin,51.2465,22.5684
2023-07-29 18:00:00,22.78,Lublin,51.2465,22.5684
2023-07-29 20:00:00,23.85,Lublin,51.2465,22.5684
2023-07-29 22:00:00,23.23,Lublin,51.2465,22.5684
2023-07-30 00:00:00,22.73,Lublin,51.2465,22.5684
2023-07-30 02:00:00,20.16,Lublin,51.2465,22.5684
2023-07-30 04:00:00,17.22,Lublin,51.2465,22.5684
2023-07-30 06:00:00,15.23,Lublin,51.2465,22.5684
2023-07-30 08:00:00,13.83,Lublin,51.2465,22.5684
2023-07-30 10:00:00,12.7,Lublin,51.2465,22.5684
2023-07-30 12:00:00,16.39,Lublin,51.2465,22.5684
2023-07-30 14:00:00,18.26,Lublin,51.2465,22.5684
2023-07-30 16:00:00,21.62,Lublin,51.2465,22.5684
2023-07-30 18:00:00,23.66,Lublin,51.2465,22.5684
2023-07-30 20:00:00,25.46,Lublin,51.2465,22.5684
2023-07-30 22:00:00,24.02,Lublin,51.2465,22.5684
2023-07-31 00:00:00,23.1,Lublin,51.2465,22.5684
2023-07-31 02:00:00,20.93,Lublin,51.2465,22.5684
2023-07-31 04:00:00,16.18,Lublin,51.2465,22.5684
2023-07-31 06:00:00,,Lublin,51.2465,22.5684
2023-07-31 08:00:00,14.48,Lublin,51.2465,22.5684
2023-07-31 10:00:00,14.47,Lublin,51.2465,22.5684
2023-07-31 12:00:00,15.63,Lublin,51.2465,22.5684
2023-07-31 14:00:00,19.04,Lublin,51.2465,22.5684
2023-07-31 16:00:00,21.5,Lublin,51.2465,22.5684
2023-07-31 18:00:00,23.23,Lublin,51.2465,22.5684
2023-07-31 20:00:00,25.58,Lublin,51.2465,22.5684
2023-07-31 22:00:00,25.54,Lublin,51.2465,22.5684
2024-07-01 00:00:00,24.07,Lublin,51.2465,22.5684
2024-07-01 02:00:00,21.22,Lublin,51.2465,22.5684
2024-07-01 04:00:00,17.26,Lublin,51.2465,22.5684
2024-07-01 06:00:00,15.01,Lublin,51.2465,22.5684
2024-07-01 08:00:00,12.84,Lublin,51.2465,22.5684
2024-07-01 10:00:00,13.67,Lublin,51.2465,22.5684
2024-07-01 12:00:00,15.49,Lublin,51.2465,22.5684
2024-07-01 14:00:00,19.17,Lublin,51.2465,22.5684
2024-07-01 16:00:00,21.38,Lublin,51.2465,22.5684
2024-07-01 18:00:00,24.12,Lublin,51.2465,22.5684
2024-07-01 20:00:00,26.8,Lublin,51.2465,22.5684
2024-07-01 22:00:00,27.24,Lublin,51.2465,22.5684
2024-07-02 00:00:00,26.61,Lublin,51.2465,22.5684
2024-07-02 02:00:00,21.93,Lublin,51.2465,22.5684
2024-07-02 04:00:00,19.16,Lublin,51.2465,22.5684
2024-07-02 06:00:00,17.02,Lublin,51.2465,22.5684
2024-07-02 08:00:00,14.75,Lublin,51.2465,22.5684
2024-07-02 10:00:00,14.74,Lublin,51.2465,22.5684
2024-07-02 12:00:00,16.42,Lublin,51.2465,22.5684
2024-07-02 14:00:00,18.02,Lublin,51.2465,22.5684
2024-07-02 16:00:00,20.23,Lublin,51.2465,22.5684
2024-07-02 18:00:00,23.94,Lublin,51.2465,22.5684
2024-07-02 20:00:00,24.69,Lublin,51.2465,22.5684
2024-07-02 22:00:00,23.77,Lublin,51.2465,22.5684
2024-07-03 00:00:00,23.76,Lublin,51.2465,22.5684
2024-07-03 02:00:00,22.18,Lublin,51.2465,22.5684
2024-07-03 04:00:00,18.61,Lublin,51.2465,22.5684
2024-07-03 06:00:00,16.47,Lublin,51.2465,22.5684
2024-07-03 08:00:00,13.97,Lublin,51.2465,22.5684
2024-07-03 10:00:00,14.23,Lublin,51.2465,22.5684
2024-07-03 12:00:00,14.9,Lublin,51.2465,22.5684
2024-07-03 14:00:00,16.37,Lublin,51.2465,22.5684
2024-07-03 16:00:00,20.52,Lublin,51.2465,22.5684
2024-07-03 18:00:00,23.6,Lublin,51.2465,22.5684
2024-07-03 20:00:00,25.12,Lublin,51.2465,22.5684
2024-07-03 22:00:00,25.23,Lublin,51.2465,22.5684
2024-07-04 00:00:00,23.37,Lublin,51.2465,22.5684
2024-07-04 02:00:00,21.05,Lublin,51.2465,22.5684
2024-07-04 04:00:00,18.12,Lublin,51.2465,22.5684
2024-07-04 06:00:00,16.33,Lublin,51.2465,22.5684
2024-07-04 08:00:00,15.0,Lublin,51.2465,22.5684
2024-07-04 10:00:00,15.14,Lublin,51.2465,22.5684
2024-07-04 12:00:00,16.71,Lublin,51.2465,22.5684
2024-07-04 14:00:00,20.05,Lublin,51.2465,22.5684
2024-07-04 16:00:00,23.09,Lublin,51.2465,22.5684
2024-07-04 18:00:00,27.52,Lublin,51.2465,22.5684
2024-07-04 20:00:00,29.63,Lublin,51.2465,22.5684
2024-07-04 22:00:00,30.15,Lublin,51.2465,22.5684
2024-07-05 00:00:00,28.2,Lublin,51.2465,22.5684
2024-07-05 02:00:00,24.53,Lublin,51.2465,22.5684
2024-07-05 04:00:00,22.14,Lublin,51.2465,22.5684
2024-07-05 06:00:00,19.95,Lublin,51.2465,22.5684
2024-07-05 08:00:00,18.42,Lublin,51.2465,22.5684
2024-07-05 10:00:00,17.51,Lublin,51.2465,22.5684
2024-07-05 12:00:00,19.87,Lublin,51.2465,22.5684
2024-07-05 14:00:00,21.42,Lublin,51.2465,22.5684
2024-07-05 16:00:00,25.13,Lublin,51.2465,22.5684
2024-07-05 18:00:00,27.21,Lublin,51.2465,22.5684
2024-07-05 20:00:00,28.97,Lublin,51.2465,22.5684
2024-07-05 22:00:00,29.6,Lublin,51.2465,22.5684
2024-07-06 00:00:00,27.79,Lublin,51.2465,22.5684
2024-07-06 02:00:00,24.51,Lublin,51.2465,22.5684
2024-07-06 04:00:00,22.29,Lublin,51.2465,22.5684
2024-07-06 06:00:00,18.15,Lublin,51.2465,22.5684
2024-07-06 08:00:00,15.31,Lublin,51.2465,22.5684
2024-07-06 10:00:00,15.64,Lublin,51.2465,22.5684
2024-07-06 12:00:00,17.39,Lublin,51.2465,22.5684
2024-07-06 14:00:00,17.79,Lublin,51.2465,22.5684
2024-07-06 16:00:00,22.1,Lublin,51.2465,22.5684
2024-07-06 18:00:00,24.26,Lublin,51.2465,22.5684
2024-07-06 20:00:00,26.82,Lublin,51.2465,22.5684
2024-07-06 22:00:00,27.04,Lublin,51.2465,22.5684
2024-07-07 00:00:00,24.87,Lublin,51.2465,22.5684
2024-07-07 02:00:00,23.74,Lublin,51.2465,22.5684
2024-07-07 04:00:00,18.91,Lublin,51.2465,22.5684
2024-07-07 06:00:00,15.73,Lublin,51.2465,22.5684
2024-07-07 08:00:00,14.74,Lublin,51.2465,22.5684
2024-07-07 10:00:00,16.21,Lublin,51.2465,22.5684
2024-07-07 12:00:00,16.64,Lublin,51.2465,22.5684
2024-07-07 14:00:00,17.86,Lublin,51.2465,22.5684
2024-07-07 16:00:00,21.46,Lublin,51.2465,22.5684
2024-07-07 18:00:00,23.74,Lublin,51.2465,22.5684
2024-07-07 20:00:00,25.69,Lublin,51.2465,22.5684
2024-07-07 22:00:00,25.25,Lublin,51.2465,22.5684
2024-07-08 00:00:00,25.29,Lublin,51.2465,22.5684
2024-07-08 02:00:00,22.01,Lublin,51.2465,22.5684
2024-07-08 04:00:00,19.5,Lublin,51.2465,22.5684
2024-07-08 06:00:00,16.24,Lublin,51.2465,22.5684
2024-07-08 08:00:00,15.41,Lublin,51.2465,22.5684
2024-07-08 10:00:00,15.78,Lublin,51.2465,22.5684
2024-07-08 12:00:00,17.26,Lublin,51.2465,22.5684
2024-07-08 14:00:00,21.47,Lublin,51.2465,22.5684
2024-07-08 16:00:00,22.82,Lublin,51.2465,22.5684
2024-07-08 18:00:00,25.86,Lublin,51.2465,22.5684
2024-07-08 20:00:00,28.17,Lublin,51.2465,22.5684
2024-07-08 22:00:00,25.58,Lublin,51.2465,22.5684
2024-07-09 00:00:00,25.49,Lublin,51.2465,22.5684
2024-07-09 02:00:00,22.06,Lublin,51.2465,22.5684
2024-07-09 04:00:00,18.22,Lublin,51.2465,22.5684
2024-07-09 06:00:00,14.82,Lublin,51.2465,22.5684
2024-07-09 08:00:00,12.81,Lublin,51.2465,22.5684
2024-07-09 10:00:00,14.02,Lublin,51.2465,22.5684
2024-07-09 12:00:00,14.93,Lublin,51.2465,22.5684
2024-07-09 14:00:00,16.87,Lublin,51.2465,22.5684
2024-07-09 16:00:00,20.42,Lublin,51.2465,22.5684
2024-07-09 18:00:00,23.46,Lublin,51.2465,22.5684
2024-07-09 20:00:00,24.52,Lublin,51.2465,22.5684
2024-07-09 22:00:00,23.58,Lublin,51.2465,22.5684
2024-07-10 00:00:00,21.18,Lublin,51.2465,22.5684
2024-07-10 02:00:00,17.93,Lublin,51.2465,22.5684
2024-07-10 04:00:00,15.45,Lublin,51.2465,22.5684
2024-07-10 06:00:00,13.57,Lublin,51.2465,22.5684
2024-07-10 08:00:00,11.83,Lublin,51.2465,22.5684
2024-07-10 10:00:00,12.62,Lublin,51.2465,22.5684
2024-07-10 12:00:00,14.59,Lublin,51.2465,22.5684
2024-07-10 14:00:00,17.52,Lublin,51.2465,22.5684
2024-07-10 16:00:00,20.79,Lublin,51.2465,22.5684
2024-07-10 18:00:00,23.51,Lublin,51.2465,22.5684
2024-07-10 20:00:00,24.96,Lublin,51.2465,22.5684
2024-07-10 22:00:00,24.88,Lublin,51.2465,22.5684
2024-07-11 00:00:00,23.13,Lublin,51.2465,22.5684
2024-07-11 02:00:00,19.6,Lublin,51.2465,22.5684
2024-07-11 04:00:00,17.44,Lublin,51.2465,22.5684
2024-07-11 06:00:00,15.58,Lublin,51.2465,22.5684
2024-07-11 08:00:00,13.98,Lublin,51.2465,22.5684
2024-07-11 10:00:00,15.07,Lublin,51.2465,22.5684
2024-07-11 12:00:00,15.03,Lublin,51.2465,22.5684
2024-07-11 14:00:00,19.49,Lublin,51.2465,22.5684
2024-07-11 16:00:00,21.56,Lublin,51.2465,22.5684
2024-07-11 18:00:00,24.44,Lublin,51.2465,22.5684
2024-07-11 20:00:00,25.71,Lublin,51.2465,22.5684
2024-07-11 22:00:00,25.43,Lublin,51.2465,22.5684
2024-07-12 00:00:00,24.1,Lublin,51.2465,22.5684
2024-07-12 02:00:00,21.85,Lublin,51.2465,22.5684
2024-07-12 04:00:00,17.75,Lublin,51.2465,22.5684
2024-07-12 06:00:00,15.26,Lublin,51.2465,22.5684
2024-07-12 08:00:00,14.07,Lublin,51.2465,22.5684
2024-07-12 10:00:00,13.1,Lublin,51.2465,22.5684
2024-07-12 12:00:00,14.58,Lublin,51.2465,22.5684
2024-07-12 14:00:00,15.78,Lublin,51.2465,22.5684
2024-07-12 16:00:00,20.4,Lublin,51.2465,22.5684
2024-07-12 18:00:00,23.79,Lublin,51.2465,22.5684
2024-07-12 20:00:00,26.43,Lublin,51.2465,22.5684
2024-07-12 22:00:00,25.21,Lublin,51.2465,22.5684
2024-07-13 00:00:00,23.85,Lublin,51.2465,22.5684
2024-07-13 02:00:00,19.86,Lublin,51.2465,22.5684
2024-07-13 04:00:00,17.95,Lublin,51.2465,22.5684
2024-07-13 06:00:00,15.71,Lublin,51.2465,22.5684
2024-07-13 08:00:00,14.39,Lublin,51.2465,22.5684
2024-07-13 10:00:00,13.94,Lublin,51.2465,22.5684
2024-07-13 12:00:00,15.8,Lublin,51.2465,22.5684
2024-07-13 14:00:00,17.64,Lublin,51.2465,22.5684
2024-07-13 16:00:00,21.37,Lublin,51.2465,22.5684
2024-07-13 18:00:00,23.97,Lublin,51.2465,22.5684
2024-07-13 20:00:00,25.85,Lublin,51.2465,22.5684
2024-07-13 22:00:00,25.53,Lublin,51.2465,22.5684
2024-07-14 00:00:00,23.48,Lublin,51.2465,22.5684
2024-07-14 02:00:00,20.26,Lublin,51.2465,22.5684
2024-07-14 04:00:00,18.55,Lublin,51.2465,22.5684
2024-07-14 06:00:00,15.45,Lublin,51.2465,22.5684
2024-07-14 08:00:00,13.91,Lublin,51.2465,22.5684
2024-07-14 10:00:00,12.88,Lublin,51.2465,22.5684
2024-07-14 12:00:00,13.75,Lublin,51.2465,22.5684
2024-07-14 14:00:00,17.07,Lublin,51.2465,22.5684
2024-07-14 16:00:00,20.58,Lublin,51.2465,22.5684
2024-07-14 18:00:00,23.86,Lublin,51.2465,22.5684
2024-07-14 20:00:00,24.97,Lublin,51.2465,22.5684
2024-07-14 22:00:00,24.1,Lublin,51.2465,22.5684
2024-07-15 00:00:00,23.4,Lublin,51.2465,22.5684
2024-07-15 02:00:00,19.95,Lublin,51.2465,22.5684
2024-07-15 04:00:00,17.64,Lublin,51.2465,22.5684
2024-07-15 06:00:00,14.18,Lublin,51.2465,22.5684
2024-07-15 08:00:00,14.22,Lublin,51.2465,22.5684
2024-07-15 10:00:00,14.33,Lublin,51.2465,22.5684
2024-07-15 12:00:00,15.76,Lublin,51.2465,22.5684
2024-07-15 14:00:00,19.96,Lublin,51.2465,22.5684
2024-07-15 16:00:00,21.93,Lublin,51.2465,22.5684
2024-07-15 18:00:00,25.45,Lublin,51.2465,22.5684
2024-07-15 20:00:00,25.82,Lublin,51.2465,22.5684
2024-07-15 22:00:00,27.74,Lublin,51.2465,22.5684
2024-07-16 00:00:00,24.38,Lublin,51.2465,22.5684
2024-07-16 02:00:00,23.94,Lublin,51.2465,22.5684
2024-07-16 04:00:00,18.44,Lublin,51.2465,22.5684
2024-07-16 06:00:00,15.08,Lublin,51.2465,22.5684
2024-07-16 08:00:00,13.3,Lublin,51.2465,22.5684
2024-07-16 10:00:00,14.4,Lublin,51.2465,22.5684
2024-07-16 12:00:00,16.56,Lublin,51.2465,22.5684
2024-07-16 14:00:00,18.2,Lublin,51.2465,22.5684
2024-07-16 16:00:00,22.83,Lublin,51.2465,22.5684
2024-07-16 18:00:00,24.69,Lublin,51.2465,22.5684
2024-07-16 20:00:00,25.31,Lublin,51.2465,22.5684
2024-07-16 22:00:00,26.85,Lublin,51.2465,22.5684
2024-07-17 00:00:00,23.43,Lublin,51.2465,22.5684
2024-07-17 02:00:00,19.64,Lublin,51.2465,22.5684
2024-07-17 04:00:00,15.76,Lublin,51.2465,22.5684
2024-07-17 06:00:00,13.79,Lublin,51.2465,22.5684
2024-07-17 08:00:00,11.8,Lublin,51.2465,22.5684
2024-07-17 10:00:00,12.51,Lublin,51.2465,22.5684
2024-07-17 12:00:00,12.24,Lublin,51.2465,22.5684
2024-07-17 14:00:00,15.69,Lublin,51.2465,22.5684
2024-07-17 16:00:00,18.74,Lublin,51.2465,22.5684
2024-07-17 18:00:00,21.85,Lublin,51.2465,22.5684
2024-07-17 20:00:00,23.98,Lublin,51.2465,22.5684
2024-07-17 22:00:00,23.39,Lublin,51.2465,22.5684
2024-07-18 00:00:00,21.38,Lublin,51.2465,22.5684
2024-07-18 02:00:00,18.17,Lublin,51.2465,22.5684
2024-07-18 04:00:00,17.38,Lublin,51.2465,22.5684
2024-07-18 06:00:00,12.74,Lublin,51.2465,22.5684
2024-07-18 08:00:00,10.56,Lublin,51.2465,22.5684
2024-07-18 10:00:00,11.27,Lublin,51.2465,22.5684
2024-07-18 12:00:00,14.1,Lublin,51.2465,22.5684
2024-07-18 14:00:00,15.63,Lublin,51.2465,22.5684
2024-07-18 16:00:00,20.58,Lublin,51.2465,22.5684
2024-07-18 18:00:00,,Lublin,51.2465,22.5684
2024-07-18 20:00:00,23.68,Lublin,51.2465,22.5684
2024-07-18 22:00:00,23.6,Lublin,51.2465,22.5684
2024-07-19 00:00:00,21.0,Lublin,51.2465,22.5684
2024-07-19 02:00:00,20.92,Lublin,51.2465,22.5684
2024-07-19 04:00:00,16.67,Lublin,51.2465,22.5684
2024-07-19 06:00:00,14.59,Lublin,51.2465,22.5684
2024-07-19 08:00:00,13.88,Lublin,51.2465,22.5684
2024-07-19 10:00:00,14.57,Lublin,51.2465,22.5684
2024-07-19 12:00:00,14.3,Lublin,51.2465,22.5684
2024-07-19 14:00:00,17.99,Lublin,51.2465,22.5684
2024-07-19 16:00:00,20.48,Lublin,51.2465,22.5684
2024-07-19 18:00:00,22.15,Lublin,51.2465,22.5684
2024-07-19 20:00:00,23.37,Lublin,51.2465,22.5684
2024-07-19 22:00:00,23.36,Lublin,51.2465,22.5684
2024-07-20 00:00:00,20.7,Lublin,51.2465,22.5684
2024-07-20 02:00:00,19.27,Lublin,51.2465,22.5684
2024-07-20 04:00:00,17.08,Lublin,51.2465,22.5684
2024-07-20 06:00:00,14.03,Lublin,51.2465,22.5684
2024-07-20 08:00:00,12.13,Lublin,51.2465,22.5684
2024-07-20 10:00:00,10.49,Lublin,51.2465,22.5684
2024-07-20 12:00:00,12.87,Lublin,51.2465,22.5684
2024-07-20 14:00:00,14.69,Lublin,51.2465,22.5684
2024-07-20 16:00:00,17.25,Lublin,51.2465,22.5684
2024-07-20 18:00:00,20.78,Lublin,51.2465,22.5684
2024-07-20 20:00:00,,Lublin,51.2465,22.5684
2024-07-20 22:00:00,23.06,Lublin,51.2465,22.5684
2024-07-21 00:00:00,21.3,Lublin,51.2465,22.5684
2024-07-21 02:00:00,18.64,Lublin,51.2465,22.5684
2024-07-21 04:00:00,17.84,Lublin,51.2465,22.5684
2024-07-21 06:00:00,14.69,Lublin,51.2465,22.5684
2024-07-21 08:00:00,13.34,Lublin,51.2465,22.5684
2024-07-21 10:00:00,11.87,Lublin,51.2465,22.5684
2024-07-21 12:00:00,13.32,Lublin,51.2465,22.5684
2024-07-21 14:00:00,15.75,Lublin,51.2465,22.5684
2024-07-21 16:00:00,19.7,Lublin,51.2465,22.5684
2024-07-21 18:00:00,23.22,Lublin,51.2465,22.5684
2024-07-21 20:00:00,24.2,Lublin,51.2465,22.5684
2024-07-21 22:00:00,24.62,Lublin,51.2465,22.5684
2024-07-22 00:00:00,21.15,Lublin,51.2465,22.5684
2024-07-22 02:00:00,19.1,Lublin,51.2465,22.5684
2024-07-22 04:00:00,15.57,Lublin,51.2465,22.5684
2024-07-22 06:00:00,12.18,Lublin,51.2465,22.5684
2024-07-22 08:00:00,10.03,Lublin,51.2465,22.5684
2024-07-22 10:00:00,11.02,Lublin,51.2465,22.5684
2024-07-22 12:00:00,12.51,Lublin,51.2465,22.5684
2024-07-22 14:00:00,15.81,Lublin,51.2465,22.5684
2024-07-22 16:00:00,18.96,Lublin,51.2465,22.5684
2024-07-22 18:00:00,21.68,Lublin,51.2465,22.5684
2024-07-22 20:00:00,23.37,Lublin,51.2465,22.5684
2024-07-22 22:00:00,22.3,Lublin,51.2465,22.5684
2024-07-23 00:00:00,21.45,Lublin,51.2465,22.5684
2024-07-23 02:00:00,18.1,Lublin,51.2465,22.5684
2024-07-23 04:00:00,15.89,Lublin,51.2465,22.5684
2024-07-23 06:00:00,12.81,Lublin,51.2465,22.5684
2024-07-23 08:00:00,9.93,Lublin,51.2465,22.5684
2024-07-23 10:00:00,11.19,Lublin,51.2465,22.5684
2024-07-23 12:00:00,12.58,Lublin,51.2465,22.5684
2024-07-23 14:00:00,15.32,Lublin,51.2465,22.5684
2024-07-23 16:00:00,18.83,Lublin,51.2465,22.5684
2024-07-23 18:00:00,21.35,Lublin,51.2465,22.5684
2024-07-23 20:00:00,22.93,Lublin,51.2465,22.5684
2024-07-23 22:00:00,23.39,Lublin,51.2465,22.5684
2024-07-24 00:00:00,23.14,Lublin,51.2465,22.5684
2024-07-24 02:00:00,19.12,Lublin,51.2465,22.5684
2024-07-24 04:00:00,16.59,Lublin,51.2465,22.5684
2024-07-24 06:00:00,13.89,Lublin,51.2465,22.5684
2024-07-24 08:00:00,12.81,Lublin,51.2465,22.5684
2024-07-24 10:00:00,13.18,Lublin,51.2465,22.5684
2024-07-24 12:00:00,14.19,Lublin,51.2465,22.5684
2024-07-24 14:00:00,15.76,Lublin,51.2465,22.5684
2024-07-24 16:00:00,18.58,Lublin,51.2465,22.5684
2024-07-24 18:00:00,23.29,Lublin,51.2465,22.5684
2024-07-24 20:00:00,24.07,Lublin,51.2465,22.5684
2024-07-24 22:00:00,23.62,Lublin,51.2465,22.5684
2024-07-25 00:00:00,23.04,Lublin,51.2465,22.5684
2024-07-25 02:00:00,20.54,Lublin,51.2465,22.5684
2024-07-25 04:00:00,18.07,Lublin,51.2465,22.5684
2024-07-25 06:00:00,13.55,Lublin,51.2465,22.5684
2024-07-25 08:00:00,12.53,Lublin,51.2465,22.5684
2024-07-25 10:00:00,12.04,Lublin,51.2465,22.5684
2024-07-25 12:00:00,13.49,Lublin,51.2465,22.5684
2024-07-25 14:00:00,16.61,Lublin,51.2465,22.5684
2024-07-25 16:00:00,20.07,Lublin,51.2465,22.5684
2024-07-25 18:00:00,22.27,Lublin,51.2465,22.5684
2024-07-25 20:00:00,24.41,Lublin,51.2465,22.5684
2024-07-25 22:00:00,24.48,Lublin,51.2465,22.5684
2024-07-26 00:00:00,22.88,Lublin,51.2465,22.5684
2024-07-26 02:00:00,19.66,Lublin,51.2465,22.5684
2024-07-26 04:00:00,16.85,Lublin,51.2465,22.5684
2024-07-26 06:00:00,14.3,Lublin,51.2465,22.5684
2024-07-26 08:00:00,11.76,Lublin,51.2465,22.5684
2024-07-26 10:00:00,11.06,Lublin,51.2465,22.5684
2024-07-26 12:00:00,12.8,Lublin,51.2465,22.5684
2024-07-26 14:00:00,15.64,Lublin,51.2465,22.5684
2024-07-26 16:00:00,20.85,Lublin,51.2465,22.5684
2024-07-26 18:00:00,21.3,Lublin,51.2465,22.5684
2024-07-26 20:00:00,22.27,Lublin,51.2465,22.5684
2024-07-26 22:00:00,21.55,Lublin,51.2465,22.5684
2024-07-27 00:00:00,21.15,Lublin,51.2465,22.5684
2024-07-27 02:00:00,17.19,Lublin,51.2465,22.5684
2024-07-27 04:00:00,14.84,Lublin,51.2465,22.5684
2024-07-27 06:00:00,12.14,Lublin,51.2465,22.5684
2024-07-27 08:00:00,10.03,Lublin,51.2465,22.5684
2024-07-27 10:00:00,11.39,Lublin,51.2465,22.5684
2024-07-27 12:00:00,11.6,Lublin,51.2465,22.5684
2024-07-27 14:00:00,13.71,Lublin,51.2465,22.5684
2024-07-27 16:00:00,18.05,Lublin,51.2465,22.5684
2024-07-27 18:00:00,21.57,Lublin,51.2465,22.5684
2024-07-27 20:00:00,22.31,Lublin,51.2465,22.5684
2024-07-27 22:00:00,20.92,Lublin,51.2465,22.5684
2024-07-28 00:00:00,20.44,Lublin,51.2465,22.5684
2024-07-28 02:00:00,17.31,Lublin,51.2465,22.5684
2024-07-28 04:00:00,14.0,Lublin,51.2465,22.5684
2024-07-28 06:00:00,12.73,Lublin,51.2465,22.5684
2024-07-28 08:00:00,10.29,Lublin,51.2465,22.5684
2024-07-28 10:00:00,10.91,Lublin,51.2465,22.5684
2024-07-28 12:00:00,11.09,Lublin,51.2465,22.5684
2024-07-28 14:00:00,13.4,Lublin,51.2465,22.5684
2024-07-28 16:00:00,17.72,Lublin,51.2465,22.5684
2024-07-28 18:00:00,21.59,Lublin,51.2465,22.5684
2024-07-28 20:00:00,22.69,Lublin,51.2465,22.5684
2024-07-28 22:00:00,21.83,Lublin,51.2465,22.5684
2024-07-29 00:00:00,20.94,Lublin,51.2465,22.5684
2024-07-29 02:00:00,19.61,Lublin,51.2465,22.5684
2024-07-29 04:00:00,16.71,Lublin,51.2465,22.5684
2024-07-29 06:00:00,,Lublin,51.2465,22.5684
2024-07-29 08:00:00,11.48,Lublin,51.2465,22.5684
2024-07-29 10:00:00,11.44,Lublin,51.2465,22.5684
2024-07-29 12:00:00,12.94,Lublin,51.2465,22.5684
2024-07-29 14:00:00,14.67,Lublin,51.2465,22.5684
2024-07-29 16:00:00,19.54,Lublin,51.2465,22.5684
2024-07-29 18:00:00,21.55,Lublin,51.2465,22.5684
2024-07-29 20:00:00,24.43,Lublin,51.2465,22.5684
2024-07-29 22:00:00,24.77,Lublin,51.2465,22.5684
2024-07-30 00:00:00,22.97,Lublin,51.2465,22.5684
2024-07-30 02:00:00,20.27,Lublin,51.2465,22.5684
2024-07-30 04:00:00,17.26,Lublin,51.2465,22.5684
2024-07-30 06:00:00,15.27,Lublin,51.2465,22.5684
2024-07-30 08:00:00,14.6,Lublin,51.2465,22.5684
2024-07-30 10:00:00,13.63,Lublin,51.2465,22.5684
2024-07-30 12:00:00,14.04,Lublin,51.2465,22.5684
2024-07-30 14:00:00,18.38,Lublin,51.2465,22.5684
2024-07-30 16:00:00,20.66,Lublin,51.2465,22.5684
2024-07-30 18:00:00,23.1,Lublin,51.2465,22.5684
2024-07-30 20:00:00,22.73,Lublin,51.2465,22.5684
2024-07-30 22:00:00,23.51,Lublin,51.2465,22.5684
2024-07-31 00:00:00,23.75,Lublin,51.2465,22.5684
2024-07-31 02:00:00,20.78,Lublin,51.2465,22.5684
2024-07-31 04:00:00,17.55,Lublin,51.2465,22.5684
2024-07-31 06:00:00,15.32,Lublin,51.2465,22.5684
2024-07-31 08:00:00,13.54,Lublin,51.2465,22.5684
2024-07-31 10:00:00,14.02,Lublin,51.2465,22.5684
2024-07-31 12:00:00,15.14,Lublin,51.2465,22.5684
2024-07-31 14:00:00,16.7,Lublin,51.2465,22.5684
2024-07-31 16:00:00,21.35,Lublin,51.2465,22.5684
2024-07-31 18:00:00,22.37,Lublin,51.2465,22.5684
2024-07-31 20:00:00,23.41,Lublin,51.2465,22.5684
2024-07-31 22:00:00,23.02,Lublin,51.2465,22.5684
